project_id	case_id	case_submitter_id	sample_id	sample_submitter_id	portion_id	portion_submitter_id	analyte_id	analyte_submitter_id	a260_a280_ratio	amount	analyte_quantity	analyte_type	analyte_type_id	analyte_volume	concentration	experimental_protocol_type	normal_tumor_genotype_snp_match	ribosomal_rna_28s_16s_ratio	rna_integrity_number	spectrophotometer_method	state	well_number
TCGA-CHOL	ae8d1ed6-2ddf-47b0-8099-bbc9230b499e	TCGA-W7-A93P	764fd35b-10ba-4236-b2a6-c7433a6ce08d	TCGA-W7-A93P-01A	5f1b2539-8d00-4594-a2c8-7e68d39f1211	TCGA-W7-A93P-01A-12	5f002be4-62f1-4758-bceb-4a03915e7956	TCGA-W7-A93P-01A-12D	'--	'--	'--	DNA	D	'--	0.15	'--	'--	'--	'--	PicoGreen	released	'--
TCGA-CHOL	ae8d1ed6-2ddf-47b0-8099-bbc9230b499e	TCGA-W7-A93P	d23203bc-0683-49a7-9137-8a0639f46f5e	TCGA-W7-A93P-11A	79cd38be-d02f-4366-a9bc-a2424a12cba5	TCGA-W7-A93P-11A-11	3e8247a5-fb7a-42e1-ae83-aa9089102c1c	TCGA-W7-A93P-11A-11D	'--	'--	'--	DNA	D	'--	0.17	'--	'--	'--	'--	PicoGreen	released	'--
TCGA-CHOL	b4f7f9e4-5fc5-4461-8e0b-0b6c384863c6	TCGA-W5-AA30	89e6b4b4-2151-4167-a762-3948a475f3f2	TCGA-W5-AA30-01A	fbe422d3-3324-4ca7-b818-dd04caa60de4	TCGA-W5-AA30-01A-31	3e4e0d80-8dfa-4493-bdf2-8e0d2aee2572	TCGA-W5-AA30-01A-31R	1.9	'--	'--	RNA	R	'--	0.17	'--	'--	'--	'--	UV Spec	released	'--
TCGA-CHOL	b4f7f9e4-5fc5-4461-8e0b-0b6c384863c6	TCGA-W5-AA30	89e6b4b4-2151-4167-a762-3948a475f3f2	TCGA-W5-AA30-01A	fbe422d3-3324-4ca7-b818-dd04caa60de4	TCGA-W5-AA30-01A-31	c7016b71-3968-4ac7-8257-323d30abfd86	TCGA-W5-AA30-01A-31D	'--	'--	'--	DNA	D	'--	0.15	'--	'--	'--	'--	PicoGreen	released	'--
TCGA-CHOL	b4f7f9e4-5fc5-4461-8e0b-0b6c384863c6	TCGA-W5-AA30	b46eda93-e712-45f9-8793-e190697a30a8	TCGA-W5-AA30-10A	b8e2483f-1edf-4168-ad6e-552fe61aae8c	TCGA-W5-AA30-10A-01	24366317-99f6-43a1-a728-ced981197a0c	TCGA-W5-AA30-10A-01D	'--	'--	'--	DNA	D	'--	0.14	'--	'--	'--	'--	PicoGreen	released	'--
TCGA-CHOL	b4f7f9e4-5fc5-4461-8e0b-0b6c384863c6	TCGA-W5-AA30	be72384d-c424-4553-9a80-0f37e4ced48e	TCGA-W5-AA30-11A	29a342ad-f569-4f32-b1a8-579f82329f2e	TCGA-W5-AA30-11A-11	97c731b1-f8cf-48cd-a90f-c69ba1858ee9	TCGA-W5-AA30-11A-11R	1.91	'--	'--	RNA	R	'--	0.18	'--	'--	'--	'--	UV Spec	released	'--
TCGA-CHOL	b4f7f9e4-5fc5-4461-8e0b-0b6c384863c6	TCGA-W5-AA30	be72384d-c424-4553-9a80-0f37e4ced48e	TCGA-W5-AA30-11A	29a342ad-f569-4f32-b1a8-579f82329f2e	TCGA-W5-AA30-11A-11	e2db31e2-af63-48c8-9cd8-580deca78ce8	TCGA-W5-AA30-11A-11D	'--	'--	'--	DNA	D	'--	0.16	'--	'--	'--	'--	PicoGreen	released	'--
TCGA-CHOL	859ed2d9-668d-440c-86ab-dcd0d9742973	TCGA-W5-AA2K	136dc94f-5a97-4cb5-a015-4cde25550802	TCGA-W5-AA2K-10A	4ad8d276-852e-4d0f-b158-01f423054bce	TCGA-W5-AA2K-10A-01	9656ba61-abc9-42a4-882a-4a123ef73d78	TCGA-W5-AA2K-10A-01D	'--	'--	'--	DNA	D	'--	0.15	'--	'--	'--	'--	PicoGreen	released	'--
TCGA-CHOL	859ed2d9-668d-440c-86ab-dcd0d9742973	TCGA-W5-AA2K	ed74a1ff-407c-4110-9d7f-0e85e4c4c2c2	TCGA-W5-AA2K-01A	e591d5ec-6caa-4531-9be5-2f27cdce1eb5	TCGA-W5-AA2K-01A-11	051b85e0-559b-4c00-909f-08aa2bf3b217	TCGA-W5-AA2K-01A-11D	'--	'--	'--	DNA	D	'--	0.16	'--	'--	'--	'--	PicoGreen	released	'--
TCGA-CHOL	1d136284-bdf5-498e-9506-4893801a337c	TCGA-W5-AA2W	39d0161c-b2a2-4b75-9a16-e668403a759b	TCGA-W5-AA2W-01A	c2effaf7-e88a-4ed0-98ad-6a5a7e8c78b4	TCGA-W5-AA2W-01A-11	059bec9f-b51f-4752-822e-36a58131c7ff	TCGA-W5-AA2W-01A-11R	1.71	'--	'--	RNA	R	'--	0.15	'--	'--	'--	'--	UV Spec	released	'--
TCGA-CHOL	1d136284-bdf5-498e-9506-4893801a337c	TCGA-W5-AA2W	39d0161c-b2a2-4b75-9a16-e668403a759b	TCGA-W5-AA2W-01A	c2effaf7-e88a-4ed0-98ad-6a5a7e8c78b4	TCGA-W5-AA2W-01A-11	68de00d5-09f2-4271-92cc-45579b217dca	TCGA-W5-AA2W-01A-11D	'--	'--	'--	DNA	D	'--	0.15	'--	'--	'--	'--	PicoGreen	released	'--
TCGA-CHOL	1d136284-bdf5-498e-9506-4893801a337c	TCGA-W5-AA2W	ee43900b-9a8d-4eee-a9a4-ca37b20bfefa	TCGA-W5-AA2W-10A	53159f22-e846-4cc1-8292-a7275462da46	TCGA-W5-AA2W-10A-01	7b99990f-c74f-40c2-b406-479d82d2c18e	TCGA-W5-AA2W-10A-01D	'--	'--	'--	DNA	D	'--	0.14	'--	'--	'--	'--	PicoGreen	released	'--
TCGA-CHOL	22bf93b3-c8dc-4669-862f-3e4ae478849b	TCGA-W5-AA2G	42a1aec6-f8eb-4397-a8e0-04c23b15b7ed	TCGA-W5-AA2G-01A	a37b437a-ec64-4667-aa9b-1550fd4b34b3	TCGA-W5-AA2G-01A-11	2edb2848-4d35-41f0-a4b9-07b0edc1c59a	TCGA-W5-AA2G-01A-11D	'--	'--	'--	DNA	D	'--	0.16	'--	'--	'--	'--	PicoGreen	released	'--
TCGA-CHOL	22bf93b3-c8dc-4669-862f-3e4ae478849b	TCGA-W5-AA2G	42a1aec6-f8eb-4397-a8e0-04c23b15b7ed	TCGA-W5-AA2G-01A	a37b437a-ec64-4667-aa9b-1550fd4b34b3	TCGA-W5-AA2G-01A-11	f1829729-9158-45b2-b255-928ceb8c24c9	TCGA-W5-AA2G-01A-11R	1.88	'--	'--	RNA	R	'--	0.16	'--	'--	'--	'--	UV Spec	released	'--
TCGA-CHOL	22bf93b3-c8dc-4669-862f-3e4ae478849b	TCGA-W5-AA2G	a599c1b2-dbb5-44b7-b77d-30d9825e4f74	TCGA-W5-AA2G-10A	3cccde3c-fbcc-4c25-9dcd-979a941906be	TCGA-W5-AA2G-10A-01	f5eaa520-e32c-4732-a8e3-2846f928cad9	TCGA-W5-AA2G-10A-01D	'--	'--	'--	DNA	D	'--	0.14	'--	'--	'--	'--	PicoGreen	released	'--
TCGA-CHOL	b10c64c2-7fd2-4210-b975-034affb14b57	TCGA-4G-AAZT	354c8077-9a71-407c-91a1-999d7ed34667	TCGA-4G-AAZT-10A	883af8c7-45ec-4a25-84d8-c1f5c20f6a77	TCGA-4G-AAZT-10A-01	bb5bafba-4cf9-4454-a872-5a18c39fc35e	TCGA-4G-AAZT-10A-01D	'--	'--	'--	DNA	D	'--	0.16	'--	'--	'--	'--	PicoGreen	released	'--
TCGA-CHOL	b10c64c2-7fd2-4210-b975-034affb14b57	TCGA-4G-AAZT	432ac43f-f9db-4e60-be3c-bbf7b2d59b7c	TCGA-4G-AAZT-11A	5dc9a189-9ed9-4620-b0d3-315aebbdc214	TCGA-4G-AAZT-11A-11	b3095dea-b2f6-4dba-b066-39e66971db55	TCGA-4G-AAZT-11A-11D	'--	'--	'--	DNA	D	'--	0.16	'--	'--	'--	'--	PicoGreen	released	'--
TCGA-CHOL	b10c64c2-7fd2-4210-b975-034affb14b57	TCGA-4G-AAZT	c2eca425-1bdf-425a-95bb-1d7b861c6689	TCGA-4G-AAZT-01A	7e4dfc89-ccfc-4cd3-a7a5-a7d5a8eb0c84	TCGA-4G-AAZT-01A-11	b9ecddb2-be1e-4318-b615-ea8acfc801c7	TCGA-4G-AAZT-01A-11D	'--	'--	'--	DNA	D	'--	0.16	'--	'--	'--	'--	PicoGreen	released	'--
TCGA-CHOL	b10c64c2-7fd2-4210-b975-034affb14b57	TCGA-4G-AAZT	c2eca425-1bdf-425a-95bb-1d7b861c6689	TCGA-4G-AAZT-01A	7e4dfc89-ccfc-4cd3-a7a5-a7d5a8eb0c84	TCGA-4G-AAZT-01A-11	f0b74219-8d43-42ab-b83d-06b071f18819	TCGA-4G-AAZT-01A-11R	1.78	'--	'--	RNA	R	'--	0.16	'--	'--	'--	'--	UV Spec	released	'--
TCGA-CHOL	95b69517-4971-450e-9ed0-43bc8b2c0534	TCGA-ZH-A8Y4	69c14659-da45-46a7-bd76-7625ec37b2ce	TCGA-ZH-A8Y4-01A	24ffa1b7-764b-454d-ad52-fd1f9aef097a	TCGA-ZH-A8Y4-01A-11	a3911bc2-4ea7-4e1b-8661-38fb192ce059	TCGA-ZH-A8Y4-01A-11R	1.94	'--	'--	RNA	R	'--	0.18	'--	'--	'--	'--	UV Spec	released	'--
TCGA-CHOL	95b69517-4971-450e-9ed0-43bc8b2c0534	TCGA-ZH-A8Y4	69c14659-da45-46a7-bd76-7625ec37b2ce	TCGA-ZH-A8Y4-01A	24ffa1b7-764b-454d-ad52-fd1f9aef097a	TCGA-ZH-A8Y4-01A-11	b2b5786e-73fd-4442-a8fc-fe580b44412e	TCGA-ZH-A8Y4-01A-11D	'--	'--	'--	DNA	D	'--	0.16	'--	'--	'--	'--	PicoGreen	released	'--
TCGA-CHOL	95b69517-4971-450e-9ed0-43bc8b2c0534	TCGA-ZH-A8Y4	affaf2a9-3339-4b82-bbbc-d2fd1f95fed5	TCGA-ZH-A8Y4-10A	a7a3e4aa-2fa5-4f28-91ff-20d951a1538b	TCGA-ZH-A8Y4-10A-01	68dd94ed-ea23-42e3-9524-0b0a790a10e2	TCGA-ZH-A8Y4-10A-01D	'--	'--	'--	DNA	D	'--	0.17	'--	'--	'--	'--	PicoGreen	released	'--
TCGA-CHOL	180a2b9c-9cac-4d96-86e8-cd6b3b9386b5	TCGA-W5-AA2O	93fe7f5a-b672-4e15-a891-9706b7a76082	TCGA-W5-AA2O-10A	01a358c3-4ea5-4532-9e0f-89e0ca0acf8e	TCGA-W5-AA2O-10A-01	4cec676c-83a8-4cc9-a09f-7e2ab3aa3f12	TCGA-W5-AA2O-10A-01D	'--	'--	'--	DNA	D	'--	0.15	'--	'--	'--	'--	PicoGreen	released	'--
TCGA-CHOL	180a2b9c-9cac-4d96-86e8-cd6b3b9386b5	TCGA-W5-AA2O	cb143099-bf51-4648-a6de-b2974f709e05	TCGA-W5-AA2O-11A	e650720d-721b-4972-bfb7-50f9b904f11d	TCGA-W5-AA2O-11A-11	b3dcaa7a-3590-4dd2-b203-0bebe940fe72	TCGA-W5-AA2O-11A-11D	'--	'--	'--	DNA	D	'--	0.17	'--	'--	'--	'--	PicoGreen	released	'--
TCGA-CHOL	180a2b9c-9cac-4d96-86e8-cd6b3b9386b5	TCGA-W5-AA2O	ef4d9f23-59d6-4e1f-bd19-5832aae880ab	TCGA-W5-AA2O-01A	db3db200-6ce9-47a3-ab70-ac9d43d90edc	TCGA-W5-AA2O-01A-11	4a66702a-5df8-4e37-9e6a-ffab6231c3e3	TCGA-W5-AA2O-01A-11R	1.91	'--	'--	RNA	R	'--	0.18	'--	'--	'--	'--	UV Spec	released	'--
TCGA-CHOL	180a2b9c-9cac-4d96-86e8-cd6b3b9386b5	TCGA-W5-AA2O	ef4d9f23-59d6-4e1f-bd19-5832aae880ab	TCGA-W5-AA2O-01A	db3db200-6ce9-47a3-ab70-ac9d43d90edc	TCGA-W5-AA2O-01A-11	52640e2f-026b-4ee5-91da-8039916a1852	TCGA-W5-AA2O-01A-11D	'--	'--	'--	DNA	D	'--	0.17	'--	'--	'--	'--	PicoGreen	released	'--
TCGA-CHOL	32e9558c-946b-4288-91e1-504e47c308ac	TCGA-W5-AA39	f0e030e3-163e-4a9e-8f48-95ac0dab6029	TCGA-W5-AA39-10A	45e9928f-44b1-4db9-aa8c-a70ddd99f9b3	TCGA-W5-AA39-10A-01	354b9aec-e0a6-4adc-bb61-ed700a63daab	TCGA-W5-AA39-10A-01D	'--	'--	'--	DNA	D	'--	0.16	'--	'--	'--	'--	PicoGreen	released	'--
TCGA-CHOL	32e9558c-946b-4288-91e1-504e47c308ac	TCGA-W5-AA39	f2b5ab58-8c49-4e47-8b06-c4422d5c345a	TCGA-W5-AA39-01A	b4bd08ab-2523-470c-9268-6692128a6701	TCGA-W5-AA39-01A-11	1a676ed3-a50d-438b-9388-9ca830e4e14d	TCGA-W5-AA39-01A-11D	'--	'--	'--	DNA	D	'--	0.17	'--	'--	'--	'--	PicoGreen	released	'--
TCGA-CHOL	32e9558c-946b-4288-91e1-504e47c308ac	TCGA-W5-AA39	f2b5ab58-8c49-4e47-8b06-c4422d5c345a	TCGA-W5-AA39-01A	b4bd08ab-2523-470c-9268-6692128a6701	TCGA-W5-AA39-01A-11	9a69a5f4-c660-44eb-bfb3-57332db8351b	TCGA-W5-AA39-01A-11R	1.73	'--	'--	RNA	R	'--	0.15	'--	'--	'--	'--	UV Spec	released	'--
TCGA-CHOL	3824cd6d-c85c-4b21-819a-932d1afef976	TCGA-3X-AAVB	6bfa1691-ee61-4458-9ca2-94d349588ce4	TCGA-3X-AAVB-01A	bbcb07a2-326f-4553-9d6b-9be1c6a74669	TCGA-3X-AAVB-01A-31	2009c3f5-2cdc-4e2a-b92e-e3d50ea75721	TCGA-3X-AAVB-01A-31D	'--	'--	'--	DNA	D	'--	0.16	'--	'--	'--	'--	PicoGreen	released	'--
TCGA-CHOL	3824cd6d-c85c-4b21-819a-932d1afef976	TCGA-3X-AAVB	6bfa1691-ee61-4458-9ca2-94d349588ce4	TCGA-3X-AAVB-01A	bbcb07a2-326f-4553-9d6b-9be1c6a74669	TCGA-3X-AAVB-01A-31	5ba1d3a3-9799-40ba-b5d0-7be969a26f74	TCGA-3X-AAVB-01A-31R	1.89	'--	'--	RNA	R	'--	0.18	'--	'--	'--	'--	UV Spec	released	'--
TCGA-CHOL	3824cd6d-c85c-4b21-819a-932d1afef976	TCGA-3X-AAVB	6fef7d21-fe19-47a7-a411-4acaa97f157b	TCGA-3X-AAVB-10A	e2bf2ccd-58c5-4093-9a3c-fc6f3df55638	TCGA-3X-AAVB-10A-01	5cea6b5b-f044-4977-a669-cff6d2926457	TCGA-3X-AAVB-10A-01D	'--	'--	'--	DNA	D	'--	0.16	'--	'--	'--	'--	PicoGreen	released	'--
TCGA-CHOL	7047dc12-e2ed-40b7-86fd-c5c53a2766fd	TCGA-W6-AA0S	5e2ab9cb-f290-4faf-a098-d920f82a966a	TCGA-W6-AA0S-10A	d32934e1-c9ef-43d4-bae0-1bd1377eb216	TCGA-W6-AA0S-10A-01	e63ed131-5b16-4638-aa24-d03f5a5c96e0	TCGA-W6-AA0S-10A-01D	'--	'--	'--	DNA	D	'--	0.14	'--	'--	'--	'--	PicoGreen	released	'--
TCGA-CHOL	7047dc12-e2ed-40b7-86fd-c5c53a2766fd	TCGA-W6-AA0S	bd707d1d-1407-4c21-be70-835bc88d70f6	TCGA-W6-AA0S-01A	b851aa26-8f41-4e87-972f-5aa647899764	TCGA-W6-AA0S-01A-11	cf46a96c-558c-4c3b-b3cb-41faace91145	TCGA-W6-AA0S-01A-11R	1.86	'--	'--	RNA	R	'--	0.16	'--	'--	'--	'--	UV Spec	released	'--
TCGA-CHOL	7047dc12-e2ed-40b7-86fd-c5c53a2766fd	TCGA-W6-AA0S	bd707d1d-1407-4c21-be70-835bc88d70f6	TCGA-W6-AA0S-01A	b851aa26-8f41-4e87-972f-5aa647899764	TCGA-W6-AA0S-01A-11	d6f9f2da-5e7f-4279-a5a7-dfda8462d2a4	TCGA-W6-AA0S-01A-11D	'--	'--	'--	DNA	D	'--	0.15	'--	'--	'--	'--	PicoGreen	released	'--
TCGA-CHOL	bec2cf62-44a2-42e5-8e10-440aad69ed77	TCGA-W5-AA2M	319e93ac-350a-46d8-8bed-4424ca02be5e	TCGA-W5-AA2M-01A	6a57229a-8b0e-40bf-9ad4-dad4c40f9331	TCGA-W5-AA2M-01A-11	3bac2408-ff70-4933-8b9c-8cd409c68a97	TCGA-W5-AA2M-01A-11D	'--	'--	'--	DNA	D	'--	0.16	'--	'--	'--	'--	PicoGreen	released	'--
TCGA-CHOL	bec2cf62-44a2-42e5-8e10-440aad69ed77	TCGA-W5-AA2M	75eeb1cd-4e72-4e34-80f8-ac8e30dde411	TCGA-W5-AA2M-10A	739c8df3-b87e-4788-b6c5-f2fc26140436	TCGA-W5-AA2M-10A-01	b47c8d30-44f4-412a-81cf-31da4a147b1a	TCGA-W5-AA2M-10A-01D	'--	'--	'--	DNA	D	'--	0.14	'--	'--	'--	'--	PicoGreen	released	'--
TCGA-CHOL	47a9ef9b-04f0-4e8d-bfdb-0846ba30d08b	TCGA-ZH-A8Y2	0dbd5678-f7c0-4611-98d0-126c414e29f6	TCGA-ZH-A8Y2-01A	221331f7-fd8e-41b7-8a09-e507f484e887	TCGA-ZH-A8Y2-01A-11	74edbcd0-7c22-4635-b228-40011af947bf	TCGA-ZH-A8Y2-01A-11D	'--	'--	'--	DNA	D	'--	0.16	'--	'--	'--	'--	PicoGreen	released	'--
TCGA-CHOL	47a9ef9b-04f0-4e8d-bfdb-0846ba30d08b	TCGA-ZH-A8Y2	0dbd5678-f7c0-4611-98d0-126c414e29f6	TCGA-ZH-A8Y2-01A	221331f7-fd8e-41b7-8a09-e507f484e887	TCGA-ZH-A8Y2-01A-11	de86ada5-d483-4fa0-8828-d421f375d31c	TCGA-ZH-A8Y2-01A-11R	1.87	'--	'--	RNA	R	'--	0.15	'--	'--	'--	'--	UV Spec	released	'--
TCGA-CHOL	47a9ef9b-04f0-4e8d-bfdb-0846ba30d08b	TCGA-ZH-A8Y2	a455d047-5295-4145-a007-a72ad0826aa4	TCGA-ZH-A8Y2-10A	10f48abf-70a2-4b22-8ef3-fc5596974842	TCGA-ZH-A8Y2-10A-01	3b46e413-5fc9-45f7-ae58-75e12675204b	TCGA-ZH-A8Y2-10A-01D	'--	'--	'--	DNA	D	'--	0.16	'--	'--	'--	'--	PicoGreen	released	'--
TCGA-CHOL	1947a152-6339-4f66-b9a4-0229580f0287	TCGA-ZH-A8Y3	58aee992-591d-4201-8649-d87a41bfff9e	TCGA-ZH-A8Y3-10A	69e9bf47-5287-42d6-8487-e74550e061dd	TCGA-ZH-A8Y3-10A-01	b8b062bf-7f7e-42cf-8c2c-3591b1c90381	TCGA-ZH-A8Y3-10A-01D	'--	'--	'--	DNA	D	'--	0.16	'--	'--	'--	'--	PicoGreen	released	'--
TCGA-CHOL	1947a152-6339-4f66-b9a4-0229580f0287	TCGA-ZH-A8Y3	f90ab603-c149-4758-a3fc-6bf762ff4987	TCGA-ZH-A8Y3-01A	68c80220-decd-4537-9cd9-5ed32b7b9e8a	TCGA-ZH-A8Y3-01A-11	0bdd6b71-4885-4f74-bfee-20a8a20ce2d5	TCGA-ZH-A8Y3-01A-11D	'--	'--	'--	DNA	D	'--	0.17	'--	'--	'--	'--	PicoGreen	released	'--
TCGA-CHOL	6e534dd3-81ac-4575-ab1e-02c21e10916d	TCGA-W5-AA2X	2cf3891d-f4c1-478e-ad40-743cd4821066	TCGA-W5-AA2X-11A	48edd72c-dc6d-4305-b424-3339532314a0	TCGA-W5-AA2X-11A-11	2222e840-6a14-459c-b95d-9b8f795f134c	TCGA-W5-AA2X-11A-11D	'--	'--	'--	DNA	D	'--	0.17	'--	'--	'--	'--	PicoGreen	released	'--
TCGA-CHOL	6e534dd3-81ac-4575-ab1e-02c21e10916d	TCGA-W5-AA2X	2cf3891d-f4c1-478e-ad40-743cd4821066	TCGA-W5-AA2X-11A	48edd72c-dc6d-4305-b424-3339532314a0	TCGA-W5-AA2X-11A-11	a56d4206-8309-4a91-9466-0bceb77ec94c	TCGA-W5-AA2X-11A-11R	1.83	'--	'--	RNA	R	'--	0.17	'--	'--	'--	'--	UV Spec	released	'--
TCGA-CHOL	6e534dd3-81ac-4575-ab1e-02c21e10916d	TCGA-W5-AA2X	ae76953e-d3dd-4780-a58b-e3e7eb230a87	TCGA-W5-AA2X-10A	e8ec14c2-e566-4ae3-a290-1af73c0352dc	TCGA-W5-AA2X-10A-01	237cb44c-6c07-4e43-a1f8-5fafd423d92a	TCGA-W5-AA2X-10A-01D	'--	'--	'--	DNA	D	'--	0.14	'--	'--	'--	'--	PicoGreen	released	'--
TCGA-CHOL	6e534dd3-81ac-4575-ab1e-02c21e10916d	TCGA-W5-AA2X	ca1d5a74-0687-4d12-abcc-7f21c2e9fbb6	TCGA-W5-AA2X-01A	035952ab-6d4c-49d1-aa88-71a45d8e93e0	TCGA-W5-AA2X-01A-11	4a711f1f-d504-45ea-a642-cb5aca91b20f	TCGA-W5-AA2X-01A-11R	1.86	'--	'--	RNA	R	'--	0.17	'--	'--	'--	'--	UV Spec	released	'--
TCGA-CHOL	6e534dd3-81ac-4575-ab1e-02c21e10916d	TCGA-W5-AA2X	ca1d5a74-0687-4d12-abcc-7f21c2e9fbb6	TCGA-W5-AA2X-01A	035952ab-6d4c-49d1-aa88-71a45d8e93e0	TCGA-W5-AA2X-01A-11	8ec4f679-5dbf-4179-ad24-37d709335b3c	TCGA-W5-AA2X-01A-11D	'--	'--	'--	DNA	D	'--	0.15	'--	'--	'--	'--	PicoGreen	released	'--
TCGA-CHOL	adc9a685-5b4a-4c29-881a-da1895c47520	TCGA-W5-AA34	068ece49-d2dc-4e98-a5cc-32ba42f04dad	TCGA-W5-AA34-10A	7f1e4907-21c2-46cf-8c56-1aa3b083502b	TCGA-W5-AA34-10A-01	8439d9ae-975b-4dcd-8707-904f90099f6f	TCGA-W5-AA34-10A-01D	'--	'--	'--	DNA	D	'--	0.14	'--	'--	'--	'--	PicoGreen	released	'--
TCGA-CHOL	adc9a685-5b4a-4c29-881a-da1895c47520	TCGA-W5-AA34	21de0435-9ebb-4d1f-8579-917469dac41c	TCGA-W5-AA34-11A	d4a26211-b957-4ba4-b4bb-8bbb3b42bdd1	TCGA-W5-AA34-11A-11	c73a7529-38b8-432d-9d25-864b27787ef8	TCGA-W5-AA34-11A-11D	'--	'--	'--	DNA	D	'--	0.15	'--	'--	'--	'--	PicoGreen	released	'--
TCGA-CHOL	adc9a685-5b4a-4c29-881a-da1895c47520	TCGA-W5-AA34	21de0435-9ebb-4d1f-8579-917469dac41c	TCGA-W5-AA34-11A	d4a26211-b957-4ba4-b4bb-8bbb3b42bdd1	TCGA-W5-AA34-11A-11	ebad7df9-9c82-419d-b0e1-886c6a827d0e	TCGA-W5-AA34-11A-11R	1.8	'--	'--	RNA	R	'--	0.17	'--	'--	'--	'--	UV Spec	released	'--
TCGA-CHOL	adc9a685-5b4a-4c29-881a-da1895c47520	TCGA-W5-AA34	3e5bea84-fede-4764-8922-fb4296feb2fe	TCGA-W5-AA34-01A	f0a97c83-e713-43f7-bf75-1af005205dd9	TCGA-W5-AA34-01A-11	17e0f927-6c29-4419-afb1-0a6909400861	TCGA-W5-AA34-01A-11R	1.8	'--	'--	RNA	R	'--	0.15	'--	'--	'--	'--	UV Spec	released	'--
TCGA-CHOL	adc9a685-5b4a-4c29-881a-da1895c47520	TCGA-W5-AA34	3e5bea84-fede-4764-8922-fb4296feb2fe	TCGA-W5-AA34-01A	f0a97c83-e713-43f7-bf75-1af005205dd9	TCGA-W5-AA34-01A-11	9766d769-5b8c-4e25-8578-36cf7a71c5c9	TCGA-W5-AA34-01A-11D	'--	'--	'--	DNA	D	'--	0.16	'--	'--	'--	'--	PicoGreen	released	'--
TCGA-CHOL	f47dbd99-920b-4b39-a1b0-6c152ad24884	TCGA-W5-AA2Q	5a5aa04d-1111-4ef6-96ad-6eb2be91a383	TCGA-W5-AA2Q-11A	e54c32af-0603-4262-9fdf-8b4a84eea9d2	TCGA-W5-AA2Q-11A-11	1f6fc92a-47b3-4ea0-88f8-2adf78f86ac8	TCGA-W5-AA2Q-11A-11D	'--	'--	'--	DNA	D	'--	0.16	'--	'--	'--	'--	PicoGreen	released	'--
TCGA-CHOL	f47dbd99-920b-4b39-a1b0-6c152ad24884	TCGA-W5-AA2Q	5a5aa04d-1111-4ef6-96ad-6eb2be91a383	TCGA-W5-AA2Q-11A	e54c32af-0603-4262-9fdf-8b4a84eea9d2	TCGA-W5-AA2Q-11A-11	b906632d-7662-47d2-9669-fff9dcfec86e	TCGA-W5-AA2Q-11A-11R	1.88	'--	'--	RNA	R	'--	0.16	'--	'--	'--	'--	UV Spec	released	'--
TCGA-CHOL	f47dbd99-920b-4b39-a1b0-6c152ad24884	TCGA-W5-AA2Q	9652df1d-041f-4e14-9dfa-c3b89563debb	TCGA-W5-AA2Q-01A	a9ab3ec4-d30a-4d5b-9105-bdda7bedef67	TCGA-W5-AA2Q-01A-11	2156d28b-a7f3-442f-8649-9e2d2b90498a	TCGA-W5-AA2Q-01A-11R	1.87	'--	'--	RNA	R	'--	0.15	'--	'--	'--	'--	UV Spec	released	'--
TCGA-CHOL	f47dbd99-920b-4b39-a1b0-6c152ad24884	TCGA-W5-AA2Q	9652df1d-041f-4e14-9dfa-c3b89563debb	TCGA-W5-AA2Q-01A	a9ab3ec4-d30a-4d5b-9105-bdda7bedef67	TCGA-W5-AA2Q-01A-11	5cb66075-f206-46a9-83af-63216b8f2748	TCGA-W5-AA2Q-01A-11D	'--	'--	'--	DNA	D	'--	0.16	'--	'--	'--	'--	PicoGreen	released	'--
TCGA-CHOL	f47dbd99-920b-4b39-a1b0-6c152ad24884	TCGA-W5-AA2Q	e7cf3edf-c7d8-401a-8b3c-768fb2efeb23	TCGA-W5-AA2Q-10A	e6077b4c-e3ae-43e3-92a9-c966b0a1c1ee	TCGA-W5-AA2Q-10A-01	c57b966d-213a-4f5e-b3c5-34153e5f4341	TCGA-W5-AA2Q-10A-01D	'--	'--	'--	DNA	D	'--	0.14	'--	'--	'--	'--	PicoGreen	released	'--
TCGA-CHOL	f2d42e03-ca8d-4b57-ae39-0cc8f37b1b67	TCGA-W5-AA36	47ec1f16-39e6-468e-91f1-39e8aae94d84	TCGA-W5-AA36-10A	c1166cef-22f2-46e5-8a35-c49b6bf661d2	TCGA-W5-AA36-10A-01	40f03246-806f-4d2d-b75b-729efc2d1aae	TCGA-W5-AA36-10A-01D	'--	'--	'--	DNA	D	'--	0.16	'--	'--	'--	'--	PicoGreen	released	'--
TCGA-CHOL	f2d42e03-ca8d-4b57-ae39-0cc8f37b1b67	TCGA-W5-AA36	72b1d733-74a9-40da-a2e8-dff5d631c952	TCGA-W5-AA36-01A	68121f68-4ee4-4acf-b9a4-625b4312fa67	TCGA-W5-AA36-01A-11	6e9ede4e-8f40-4587-aba6-c3fd9b6f0f6e	TCGA-W5-AA36-01A-11R	1.82	'--	'--	RNA	R	'--	0.16	'--	'--	'--	'--	UV Spec	released	'--
TCGA-CHOL	f2d42e03-ca8d-4b57-ae39-0cc8f37b1b67	TCGA-W5-AA36	72b1d733-74a9-40da-a2e8-dff5d631c952	TCGA-W5-AA36-01A	68121f68-4ee4-4acf-b9a4-625b4312fa67	TCGA-W5-AA36-01A-11	902e68d1-cc14-4921-95ba-5241bb1e31df	TCGA-W5-AA36-01A-11D	'--	'--	'--	DNA	D	'--	0.16	'--	'--	'--	'--	PicoGreen	released	'--
TCGA-CHOL	4290b3b3-94f6-43e4-8309-430dd973ae2d	TCGA-WD-A7RX	a324cb55-7cfa-4c21-b5c8-0a11514aaed0	TCGA-WD-A7RX-10A	3059f1b8-9b97-4636-a8cc-34a79e0c88a9	TCGA-WD-A7RX-10A-01	f87ef93c-12b7-4ca7-add1-32ead75a5543	TCGA-WD-A7RX-10A-01D	'--	'--	'--	DNA	D	'--	0.15	'--	'--	'--	'--	PicoGreen	released	'--
TCGA-CHOL	4290b3b3-94f6-43e4-8309-430dd973ae2d	TCGA-WD-A7RX	b20c28ba-41c3-4638-a702-e4a89f58e563	TCGA-WD-A7RX-01A	ad8b9aa6-0f39-4fb5-8330-802c09369362	TCGA-WD-A7RX-01A-12	891ee5d4-7904-4da1-bffd-b12a786499e3	TCGA-WD-A7RX-01A-12R	1.8	'--	'--	RNA	R	'--	0.16	'--	'--	'--	'--	UV Spec	released	'--
TCGA-CHOL	4290b3b3-94f6-43e4-8309-430dd973ae2d	TCGA-WD-A7RX	b20c28ba-41c3-4638-a702-e4a89f58e563	TCGA-WD-A7RX-01A	ad8b9aa6-0f39-4fb5-8330-802c09369362	TCGA-WD-A7RX-01A-12	99291f4a-52ac-43e2-b5b0-31c3a7b2ea0b	TCGA-WD-A7RX-01A-12D	'--	'--	'--	DNA	D	'--	0.15	'--	'--	'--	'--	PicoGreen	released	'--
TCGA-CHOL	4290b3b3-94f6-43e4-8309-430dd973ae2d	TCGA-WD-A7RX	b20c28ba-41c3-4638-a702-e4a89f58e563	TCGA-WD-A7RX-01A	fc9302d5-ab9a-4aa0-a317-4292fe2467d4	TCGA-WD-A7RX-01A-11	9933c522-5284-41d1-a763-a584d6c8c14c	TCGA-WD-A7RX-01A-11D	'--	'--	'--	DNA	D	'--	0.17	'--	'--	'--	'--	PicoGreen	released	'--
TCGA-CHOL	cb40327b-f3ac-4f0a-bb17-7db2a281e354	TCGA-W6-AA0T	8daca0bc-f9b2-451a-8679-c44a901aeac2	TCGA-W6-AA0T-10A	a4b08f11-b208-4000-86cf-ccb1f93b9540	TCGA-W6-AA0T-10A-01	66c6514e-cd49-4ed0-a368-abbebd3682fe	TCGA-W6-AA0T-10A-01D	'--	'--	'--	DNA	D	'--	0.14	'--	'--	'--	'--	PicoGreen	released	'--
TCGA-CHOL	cb40327b-f3ac-4f0a-bb17-7db2a281e354	TCGA-W6-AA0T	9c33c820-e30d-4668-a429-f249c584b5d7	TCGA-W6-AA0T-01A	75a6dcbc-ad94-4d7c-bf14-e5cb355b0e91	TCGA-W6-AA0T-01A-11-A617-42	0a27f3f0-d2ef-474b-a93a-8331be040ecc	TCGA-W6-AA0T-01A-11-A617-42-X019-S04	'--	'--	'--	DNA	'--	'--	'--	'--	'--	'--	'--	'--	released	'--
TCGA-CHOL	cb40327b-f3ac-4f0a-bb17-7db2a281e354	TCGA-W6-AA0T	9c33c820-e30d-4668-a429-f249c584b5d7	TCGA-W6-AA0T-01A	c0b81400-2a3f-438b-ad57-d1a0d3db86cd	TCGA-W6-AA0T-01A-31	1d12aaca-524d-48ca-a8a9-c1fcd47d6679	TCGA-W6-AA0T-01A-31D	'--	'--	'--	DNA	D	'--	0.15	'--	'--	'--	'--	PicoGreen	released	'--
TCGA-CHOL	1932bc1e-2a15-4f74-978e-d49c366604a4	TCGA-4G-AAZF	14404181-0fac-476e-afc0-b5c425647a78	TCGA-4G-AAZF-11A	98c5cf95-b403-47fa-90f2-4ed3caa65954	TCGA-4G-AAZF-11A-12	149d39ae-a434-4475-b30a-e81d7d269472	TCGA-4G-AAZF-11A-12D	'--	'--	'--	DNA	D	'--	0.17	'--	'--	'--	'--	PicoGreen	released	'--
TCGA-CHOL	1932bc1e-2a15-4f74-978e-d49c366604a4	TCGA-4G-AAZF	505a3234-f5bc-406b-acba-a65ab51f79a1	TCGA-4G-AAZF-01A	1f5b02d9-4ca6-4551-9c79-6ab20494ef83	TCGA-4G-AAZF-01A-12	2e42f75c-8668-4537-baf7-7587d46b47d6	TCGA-4G-AAZF-01A-12D	'--	'--	'--	DNA	D	'--	0.17	'--	'--	'--	'--	PicoGreen	released	'--
TCGA-CHOL	3c8ca064-a4a7-416f-a069-4324d4a72038	TCGA-W5-AA2I	77c70e90-4024-485e-b7a4-1cc493eca376	TCGA-W5-AA2I-10A	7b4c5484-803a-4eda-b933-eb96d01e9494	TCGA-W5-AA2I-10A-01	2085307f-8f9a-4157-a12b-6d1d3f1f86d6	TCGA-W5-AA2I-10A-01D	'--	'--	'--	DNA	D	'--	0.16	'--	'--	'--	'--	PicoGreen	released	'--
TCGA-CHOL	3c8ca064-a4a7-416f-a069-4324d4a72038	TCGA-W5-AA2I	cde3c5fe-efa1-40cb-896b-82534d30986e	TCGA-W5-AA2I-11A	e9bb5cbf-f89d-4e44-ba15-291cfa4920de	TCGA-W5-AA2I-11A-11	02e81fb2-4e01-46d2-a81c-ddb13962adf9	TCGA-W5-AA2I-11A-11D	'--	'--	'--	DNA	D	'--	0.14	'--	'--	'--	'--	PicoGreen	released	'--
TCGA-CHOL	3c8ca064-a4a7-416f-a069-4324d4a72038	TCGA-W5-AA2I	cde3c5fe-efa1-40cb-896b-82534d30986e	TCGA-W5-AA2I-11A	e9bb5cbf-f89d-4e44-ba15-291cfa4920de	TCGA-W5-AA2I-11A-11	d21454d1-a242-4bec-ba2f-4917be8c6a0d	TCGA-W5-AA2I-11A-11R	1.82	'--	'--	RNA	R	'--	0.16	'--	'--	'--	'--	UV Spec	released	'--
TCGA-CHOL	3c8ca064-a4a7-416f-a069-4324d4a72038	TCGA-W5-AA2I	f6667bb9-cbf0-4c24-b032-5dcf966f7c37	TCGA-W5-AA2I-01A	582a32ba-62f9-44f1-8fc0-44afd6755b76	TCGA-W5-AA2I-01A-32	8591302c-34cd-406c-a653-dc3a80b1ef35	TCGA-W5-AA2I-01A-32D	'--	'--	'--	DNA	D	'--	0.16	'--	'--	'--	'--	PicoGreen	released	'--
TCGA-CHOL	3c8ca064-a4a7-416f-a069-4324d4a72038	TCGA-W5-AA2I	f6667bb9-cbf0-4c24-b032-5dcf966f7c37	TCGA-W5-AA2I-01A	582a32ba-62f9-44f1-8fc0-44afd6755b76	TCGA-W5-AA2I-01A-32	9fc33735-a6d5-42bd-b132-96587ba1103a	TCGA-W5-AA2I-01A-32R	1.94	'--	'--	RNA	R	'--	0.17	'--	'--	'--	'--	UV Spec	released	'--
TCGA-CHOL	91544f6b-90b6-45df-a501-3097fe0c74be	TCGA-ZK-AAYZ	cddf4566-7276-44cd-8e2e-8b06f7b11f31	TCGA-ZK-AAYZ-01A	4f33fe00-848a-41a8-9805-979942b89d85	TCGA-ZK-AAYZ-01A-12	ed88f0e2-3bbc-4974-8cc2-b53158e7c49d	TCGA-ZK-AAYZ-01A-12D	'--	'--	'--	DNA	D	'--	0.16	'--	'--	'--	'--	PicoGreen	released	'--
TCGA-CHOL	91544f6b-90b6-45df-a501-3097fe0c74be	TCGA-ZK-AAYZ	d917ae5b-1488-4499-b9da-7d8ec8e10e4e	TCGA-ZK-AAYZ-10A	5f8c6205-9113-407c-a5aa-c6b31e338fa5	TCGA-ZK-AAYZ-10A-01	4ac82b75-5926-49fb-a2bf-fd4b2cc02274	TCGA-ZK-AAYZ-10A-01D	'--	'--	'--	DNA	D	'--	0.15	'--	'--	'--	'--	PicoGreen	released	'--
TCGA-CHOL	779ce92d-1abd-44fc-9021-eda4d7f08fff	TCGA-YR-A95A	3a2cbd04-4677-4b89-9b56-e8514c8fffac	TCGA-YR-A95A-10A	274f2a77-ee89-4c48-8699-82f6d6c8d8b0	TCGA-YR-A95A-10A-01	9c8b41a0-38fc-4c70-bb6e-645c1f51d9ce	TCGA-YR-A95A-10A-01D	'--	'--	'--	DNA	D	'--	0.15	'--	'--	'--	'--	PicoGreen	released	'--
TCGA-CHOL	779ce92d-1abd-44fc-9021-eda4d7f08fff	TCGA-YR-A95A	5f8945f7-0023-45cc-ba81-bbdfdeede58c	TCGA-YR-A95A-01A	01ca76ed-ed8b-4c1a-a830-f72f30c7a0da	TCGA-YR-A95A-01A-12	26bb681a-2ebc-487a-b1eb-ffea4cd24c9d	TCGA-YR-A95A-01A-12R	1.85	'--	'--	RNA	R	'--	0.17	'--	'--	'--	'--	UV Spec	released	'--
TCGA-CHOL	779ce92d-1abd-44fc-9021-eda4d7f08fff	TCGA-YR-A95A	5f8945f7-0023-45cc-ba81-bbdfdeede58c	TCGA-YR-A95A-01A	01ca76ed-ed8b-4c1a-a830-f72f30c7a0da	TCGA-YR-A95A-01A-12	aa7e766b-9a99-4229-bce4-58ae022620db	TCGA-YR-A95A-01A-12D	'--	'--	'--	DNA	D	'--	0.16	'--	'--	'--	'--	PicoGreen	released	'--
TCGA-CHOL	2d6e20b2-82c7-4c12-92d0-93282b0a9031	TCGA-W5-AA31	42aea8f3-1d59-4567-bc60-54fc1e255484	TCGA-W5-AA31-11A	3b918373-c385-4f52-b95a-a7f9bd6db020	TCGA-W5-AA31-11A-11	cc9ed042-3294-4043-b8f8-99ce59da97a7	TCGA-W5-AA31-11A-11R	1.82	'--	'--	RNA	R	'--	0.16	'--	'--	'--	'--	UV Spec	released	'--
TCGA-CHOL	2d6e20b2-82c7-4c12-92d0-93282b0a9031	TCGA-W5-AA31	42aea8f3-1d59-4567-bc60-54fc1e255484	TCGA-W5-AA31-11A	3b918373-c385-4f52-b95a-a7f9bd6db020	TCGA-W5-AA31-11A-11	d0256eb8-cdee-4c2c-958e-525c35fc2ae9	TCGA-W5-AA31-11A-11D	'--	'--	'--	DNA	D	'--	0.17	'--	'--	'--	'--	PicoGreen	released	'--
TCGA-CHOL	2d6e20b2-82c7-4c12-92d0-93282b0a9031	TCGA-W5-AA31	a20d18f9-21bc-451f-b84b-302fd90c6f2f	TCGA-W5-AA31-10A	e39f9144-e6dc-4d3f-ac7b-8a4503929107	TCGA-W5-AA31-10A-01	bd77998a-6995-481d-a262-ad0f2784d0aa	TCGA-W5-AA31-10A-01D	'--	'--	'--	DNA	D	'--	0.14	'--	'--	'--	'--	PicoGreen	released	'--
TCGA-CHOL	2d6e20b2-82c7-4c12-92d0-93282b0a9031	TCGA-W5-AA31	a7919c8d-b6f4-4404-b7c0-9ae43dc73ce7	TCGA-W5-AA31-01A	7c09b5c1-d0a4-4813-af47-0761d8f5cd8c	TCGA-W5-AA31-01A-11	3d491167-15d5-4032-addf-44b912886177	TCGA-W5-AA31-01A-11R	1.87	'--	'--	RNA	R	'--	0.17	'--	'--	'--	'--	UV Spec	released	'--
TCGA-CHOL	2d6e20b2-82c7-4c12-92d0-93282b0a9031	TCGA-W5-AA31	a7919c8d-b6f4-4404-b7c0-9ae43dc73ce7	TCGA-W5-AA31-01A	7c09b5c1-d0a4-4813-af47-0761d8f5cd8c	TCGA-W5-AA31-01A-11	6bc25111-3f60-4075-9120-3ac0c186e13c	TCGA-W5-AA31-01A-11D	'--	'--	'--	DNA	D	'--	0.16	'--	'--	'--	'--	PicoGreen	released	'--
TCGA-CHOL	e76cf9a0-061e-4a7d-ba28-5a40b8da54b8	TCGA-ZU-A8S4	59d9699b-b51e-4ce8-8a05-37bf1bb461b4	TCGA-ZU-A8S4-10A	841036c2-0dbf-4a07-a2cf-db0c71284cbc	TCGA-ZU-A8S4-10A-01	fc35e007-f60a-4954-9a2e-50a656236324	TCGA-ZU-A8S4-10A-01D	'--	'--	'--	DNA	D	'--	0.16	'--	'--	'--	'--	PicoGreen	released	'--
TCGA-CHOL	e76cf9a0-061e-4a7d-ba28-5a40b8da54b8	TCGA-ZU-A8S4	d6684baf-8c43-46b8-8305-259fa44a9d46	TCGA-ZU-A8S4-01A	35dedd56-1c03-468e-a2a2-6f51abc351f1	TCGA-ZU-A8S4-01A-11	0ebaae06-0b80-42e5-8bde-b7af1efd1334	TCGA-ZU-A8S4-01A-11R	1.86	'--	'--	RNA	R	'--	0.16	'--	'--	'--	'--	UV Spec	released	'--
TCGA-CHOL	e76cf9a0-061e-4a7d-ba28-5a40b8da54b8	TCGA-ZU-A8S4	d6684baf-8c43-46b8-8305-259fa44a9d46	TCGA-ZU-A8S4-01A	35dedd56-1c03-468e-a2a2-6f51abc351f1	TCGA-ZU-A8S4-01A-11	a945e858-ade0-4d5b-a97b-0b68c376bd42	TCGA-ZU-A8S4-01A-11D	'--	'--	'--	DNA	D	'--	0.17	'--	'--	'--	'--	PicoGreen	released	'--
TCGA-CHOL	e76cf9a0-061e-4a7d-ba28-5a40b8da54b8	TCGA-ZU-A8S4	e6cf7f37-b510-4bf7-aa8d-bcc400e799a3	TCGA-ZU-A8S4-11A	b95682c4-307b-4596-8d65-13b9f5daa80b	TCGA-ZU-A8S4-11A-11	b4ff9bde-8339-4053-9d85-1b0f4f69d7ab	TCGA-ZU-A8S4-11A-11R	1.87	'--	'--	RNA	R	'--	0.17	'--	'--	'--	'--	UV Spec	released	'--
TCGA-CHOL	e76cf9a0-061e-4a7d-ba28-5a40b8da54b8	TCGA-ZU-A8S4	e6cf7f37-b510-4bf7-aa8d-bcc400e799a3	TCGA-ZU-A8S4-11A	b95682c4-307b-4596-8d65-13b9f5daa80b	TCGA-ZU-A8S4-11A-11	e5e4257f-8520-441c-9e8d-0736edbc3bf1	TCGA-ZU-A8S4-11A-11D	'--	'--	'--	DNA	D	'--	0.17	'--	'--	'--	'--	PicoGreen	released	'--
TCGA-CHOL	ff4131c9-537c-46cc-b495-9af60d431f5e	TCGA-3X-AAVC	ad85b3c6-281a-48b6-a057-cbede73b75fb	TCGA-3X-AAVC-01A	041609c3-1cc7-4aa8-820b-99ef6e23f934	TCGA-3X-AAVC-01A-21	a24c32dc-44aa-437f-8c06-a18955f01bc5	TCGA-3X-AAVC-01A-21R	1.82	'--	'--	RNA	R	'--	0.16	'--	'--	'--	'--	UV Spec	released	'--
TCGA-CHOL	ff4131c9-537c-46cc-b495-9af60d431f5e	TCGA-3X-AAVC	ad85b3c6-281a-48b6-a057-cbede73b75fb	TCGA-3X-AAVC-01A	041609c3-1cc7-4aa8-820b-99ef6e23f934	TCGA-3X-AAVC-01A-21	ace7256b-2d42-47b3-aa5c-de26c5f94617	TCGA-3X-AAVC-01A-21D	'--	'--	'--	DNA	D	'--	0.17	'--	'--	'--	'--	PicoGreen	released	'--
TCGA-CHOL	ff4131c9-537c-46cc-b495-9af60d431f5e	TCGA-3X-AAVC	d1963b41-3a2a-4dcd-9f12-d141b2e9beec	TCGA-3X-AAVC-10A	e254ab32-67d4-4c6d-a472-5bf33dba5038	TCGA-3X-AAVC-10A-01	c8001664-a8b9-4a7a-b866-8135b5bc3464	TCGA-3X-AAVC-10A-01D	'--	'--	'--	DNA	D	'--	0.15	'--	'--	'--	'--	PicoGreen	released	'--
TCGA-CHOL	20bf79af-3b0f-477d-b619-5597d42f5d5e	TCGA-W5-AA2R	3f83502d-82cd-4217-bbd8-938bdb31095d	TCGA-W5-AA2R-11A	00154445-500c-4c2b-9de1-989507fd5061	TCGA-W5-AA2R-11A-11	886dd7d5-1b97-4c79-9362-19f78ca64d10	TCGA-W5-AA2R-11A-11R	1.87	'--	'--	RNA	R	'--	0.17	'--	'--	'--	'--	UV Spec	released	'--
TCGA-CHOL	20bf79af-3b0f-477d-b619-5597d42f5d5e	TCGA-W5-AA2R	3f83502d-82cd-4217-bbd8-938bdb31095d	TCGA-W5-AA2R-11A	00154445-500c-4c2b-9de1-989507fd5061	TCGA-W5-AA2R-11A-11	aea1967d-1b67-46c3-ab35-ca7e18dc8430	TCGA-W5-AA2R-11A-11D	'--	'--	'--	DNA	D	'--	0.15	'--	'--	'--	'--	PicoGreen	released	'--
TCGA-CHOL	20bf79af-3b0f-477d-b619-5597d42f5d5e	TCGA-W5-AA2R	7667eeb5-c976-493c-8cbf-d1cdce24114d	TCGA-W5-AA2R-10A	c1615dbe-1e18-4e8d-9203-941a4ed39280	TCGA-W5-AA2R-10A-01	3e6c177e-a3bd-4574-8294-9fe3e0b74674	TCGA-W5-AA2R-10A-01D	'--	'--	'--	DNA	D	'--	0.15	'--	'--	'--	'--	PicoGreen	released	'--
TCGA-CHOL	20bf79af-3b0f-477d-b619-5597d42f5d5e	TCGA-W5-AA2R	7a195a13-d4bb-417f-ae78-30cbd8039aac	TCGA-W5-AA2R-01A	629ca5b5-9200-4d1a-bcad-b2e20c438580	TCGA-W5-AA2R-01A-11	78c80529-255e-4817-a336-375c8eb25b1b	TCGA-W5-AA2R-01A-11D	'--	'--	'--	DNA	D	'--	0.17	'--	'--	'--	'--	PicoGreen	released	'--
TCGA-CHOL	20bf79af-3b0f-477d-b619-5597d42f5d5e	TCGA-W5-AA2R	7a195a13-d4bb-417f-ae78-30cbd8039aac	TCGA-W5-AA2R-01A	629ca5b5-9200-4d1a-bcad-b2e20c438580	TCGA-W5-AA2R-01A-11	ddb1b89e-1ea4-4003-b733-f9b06929db44	TCGA-W5-AA2R-01A-11R	1.86	'--	'--	RNA	R	'--	0.16	'--	'--	'--	'--	UV Spec	released	'--
TCGA-CHOL	20ec1cd9-7bdb-4eb9-9d20-65795580f1f5	TCGA-W5-AA2Z	17160d8c-f353-4c89-8a1a-c07fcdff8903	TCGA-W5-AA2Z-01A	8f37d4aa-87e7-4072-afb1-a52ba4aba39b	TCGA-W5-AA2Z-01A-11	27ced3e1-65ee-45e0-89c8-a1cd51eb85db	TCGA-W5-AA2Z-01A-11D	'--	'--	'--	DNA	D	'--	0.16	'--	'--	'--	'--	PicoGreen	released	'--
TCGA-CHOL	20ec1cd9-7bdb-4eb9-9d20-65795580f1f5	TCGA-W5-AA2Z	17160d8c-f353-4c89-8a1a-c07fcdff8903	TCGA-W5-AA2Z-01A	8f37d4aa-87e7-4072-afb1-a52ba4aba39b	TCGA-W5-AA2Z-01A-11	80cbc4c5-a601-40f1-abc1-1425eb4d2d4a	TCGA-W5-AA2Z-01A-11R	1.78	'--	'--	RNA	R	'--	0.16	'--	'--	'--	'--	UV Spec	released	'--
TCGA-CHOL	20ec1cd9-7bdb-4eb9-9d20-65795580f1f5	TCGA-W5-AA2Z	5aa97a8a-5f54-4cf8-b0a7-2bcf66655f01	TCGA-W5-AA2Z-11A	9a34cd19-5619-4b91-a688-f95cacee7d94	TCGA-W5-AA2Z-11A-11	9ed47ab2-b4a9-48d4-93ca-c521ca832803	TCGA-W5-AA2Z-11A-11D	'--	'--	'--	DNA	D	'--	0.16	'--	'--	'--	'--	PicoGreen	released	'--
TCGA-CHOL	15850852-5979-419d-ae38-76ffd0e9d7e8	TCGA-W7-A93O	11f688c9-7cff-4a7f-a495-6396f80256b3	TCGA-W7-A93O-01A	9c0c2596-9614-444a-a29b-b8e5eaabf818	TCGA-W7-A93O-01A-31	4d463145-3312-4c51-820a-523465dd586f	TCGA-W7-A93O-01A-31D	'--	'--	'--	DNA	D	'--	0.14	'--	'--	'--	'--	PicoGreen	released	'--
TCGA-CHOL	15850852-5979-419d-ae38-76ffd0e9d7e8	TCGA-W7-A93O	d3af1e52-e135-4b95-a32c-c20d796c3e0c	TCGA-W7-A93O-11A	c8acd7aa-a831-40d2-aa02-bfa88e940440	TCGA-W7-A93O-11A-11	55bab766-f6d6-4791-9798-eed8818b304a	TCGA-W7-A93O-11A-11D	'--	'--	'--	DNA	D	'--	0.15	'--	'--	'--	'--	PicoGreen	released	'--
TCGA-CHOL	41b97b11-acaa-4fbc-b3b0-0abc1bcac13b	TCGA-3X-AAV9	8768721d-f45f-4dbf-9f7c-123eb51854bc	TCGA-3X-AAV9-10A	1085cbeb-1482-49e2-aa6a-71e9374ccaa1	TCGA-3X-AAV9-10A-01	82e4036d-45be-4e96-8787-b66fc36a4b38	TCGA-3X-AAV9-10A-01D	'--	'--	'--	DNA	D	'--	0.14	'--	'--	'--	'--	PicoGreen	released	'--
TCGA-CHOL	41b97b11-acaa-4fbc-b3b0-0abc1bcac13b	TCGA-3X-AAV9	c9df109c-cc7a-41cf-a034-b217d7e7674f	TCGA-3X-AAV9-01A	9556526a-18eb-47c4-b451-7c4ecda8f440	TCGA-3X-AAV9-01A-71	aafb7f6a-2bac-4385-8c43-3bfbb7c2958d	TCGA-3X-AAV9-01A-71D	'--	'--	'--	DNA	D	'--	0.16	'--	'--	'--	'--	PicoGreen	released	'--
TCGA-CHOL	41b97b11-acaa-4fbc-b3b0-0abc1bcac13b	TCGA-3X-AAV9	c9df109c-cc7a-41cf-a034-b217d7e7674f	TCGA-3X-AAV9-01A	dad7dc19-66a2-4532-a4a0-7a4576bc0d13	TCGA-3X-AAV9-01A-72	8a906b20-27cf-4a14-856a-909700ba92b6	TCGA-3X-AAV9-01A-72D	'--	'--	'--	DNA	D	'--	0.16	'--	'--	'--	'--	PicoGreen	released	'--
TCGA-CHOL	41b97b11-acaa-4fbc-b3b0-0abc1bcac13b	TCGA-3X-AAV9	c9df109c-cc7a-41cf-a034-b217d7e7674f	TCGA-3X-AAV9-01A	dad7dc19-66a2-4532-a4a0-7a4576bc0d13	TCGA-3X-AAV9-01A-72	a413c220-9976-4c54-8e3d-918a7982e6cb	TCGA-3X-AAV9-01A-72R	1.83	'--	'--	RNA	R	'--	0.15	'--	'--	'--	'--	UV Spec	released	'--
TCGA-CHOL	3f7e0cbf-e48c-410a-9138-be9b373fef73	TCGA-W5-AA2J	29443642-2868-4fb8-bfae-387a20b8f491	TCGA-W5-AA2J-10A	0eedfb31-66e0-478a-bbe2-a8348d1b6b28	TCGA-W5-AA2J-10A-01	1ce5534b-c7d6-45df-9bbe-390eb58fae7e	TCGA-W5-AA2J-10A-01D	'--	'--	'--	DNA	D	'--	0.14	'--	'--	'--	'--	PicoGreen	released	'--
TCGA-CHOL	3f7e0cbf-e48c-410a-9138-be9b373fef73	TCGA-W5-AA2J	dae39f08-74c6-4d03-a7e4-b1657758576f	TCGA-W5-AA2J-01A	32b7e71f-ca2b-4da0-aa86-02b7fa129cf5	TCGA-W5-AA2J-01A-31	fbd39683-6f90-4750-bf96-d0b419c2ca86	TCGA-W5-AA2J-01A-31D	'--	'--	'--	DNA	D	'--	0.15	'--	'--	'--	'--	PicoGreen	released	'--
TCGA-CHOL	5166d82f-7b22-4101-bea9-6056e5a74c48	TCGA-ZH-A8Y6	1a2e493e-a16c-4a05-b319-4fb80b4563d5	TCGA-ZH-A8Y6-10A	638a00eb-ea15-4f81-84ed-392784348389	TCGA-ZH-A8Y6-10A-01	577827f1-a4c5-4119-ad56-8ddc029d87dd	TCGA-ZH-A8Y6-10A-01D	'--	'--	'--	DNA	D	'--	0.16	'--	'--	'--	'--	PicoGreen	released	'--
TCGA-CHOL	5166d82f-7b22-4101-bea9-6056e5a74c48	TCGA-ZH-A8Y6	c7440d32-f1f1-41d6-9863-ba25cc622495	TCGA-ZH-A8Y6-01A	92dbd39a-8356-4b3b-909d-7b84520487eb	TCGA-ZH-A8Y6-01A-11	1964d671-8d70-4e7a-9945-bc4424f74f28	TCGA-ZH-A8Y6-01A-11R	1.86	'--	'--	RNA	R	'--	0.17	'--	'--	'--	'--	UV Spec	released	'--
TCGA-CHOL	5166d82f-7b22-4101-bea9-6056e5a74c48	TCGA-ZH-A8Y6	c7440d32-f1f1-41d6-9863-ba25cc622495	TCGA-ZH-A8Y6-01A	92dbd39a-8356-4b3b-909d-7b84520487eb	TCGA-ZH-A8Y6-01A-11	976d93c6-7944-4d4d-abed-c8aa9e8dd4fa	TCGA-ZH-A8Y6-01A-11D	'--	'--	'--	DNA	D	'--	0.16	'--	'--	'--	'--	PicoGreen	released	'--
TCGA-CHOL	5cf3911a-f3ea-4c0e-851d-5bb57ca7190f	TCGA-ZH-A8Y8	cba708c0-9ba6-47ea-b61e-aa2ef6319cca	TCGA-ZH-A8Y8-10A	20efb8c0-2288-4d3a-8549-1c3af16a7516	TCGA-ZH-A8Y8-10A-01	897e568e-4744-4167-8a93-faa2cc685461	TCGA-ZH-A8Y8-10A-01D	'--	'--	'--	DNA	D	'--	0.16	'--	'--	'--	'--	PicoGreen	released	'--
TCGA-CHOL	5cf3911a-f3ea-4c0e-851d-5bb57ca7190f	TCGA-ZH-A8Y8	f641043f-e789-4205-b5f7-ece67af60025	TCGA-ZH-A8Y8-01A	d0258295-3282-4671-826a-0628c383a0dc	TCGA-ZH-A8Y8-01A-51	d987b9bc-0985-442d-bc31-60c61174d64a	TCGA-ZH-A8Y8-01A-51R	1.84	'--	'--	RNA	R	'--	0.16	'--	'--	'--	'--	UV Spec	released	'--
TCGA-CHOL	5cf3911a-f3ea-4c0e-851d-5bb57ca7190f	TCGA-ZH-A8Y8	f641043f-e789-4205-b5f7-ece67af60025	TCGA-ZH-A8Y8-01A	d0258295-3282-4671-826a-0628c383a0dc	TCGA-ZH-A8Y8-01A-51	e2aacd5a-fb93-4785-b397-703b47934ac9	TCGA-ZH-A8Y8-01A-51D	'--	'--	'--	DNA	D	'--	0.17	'--	'--	'--	'--	PicoGreen	released	'--
TCGA-CHOL	dcc87c59-fd8c-4511-9983-96d5b9784cb0	TCGA-3X-AAVE	4a5bd222-0652-4e8f-a297-77095e15377c	TCGA-3X-AAVE-10A	ffe96e14-5ce7-4d28-bb55-c692fc568cdd	TCGA-3X-AAVE-10A-01	4a778d61-edb6-4c11-aaf7-f62f49a000a0	TCGA-3X-AAVE-10A-01D	'--	'--	'--	DNA	D	'--	0.17	'--	'--	'--	'--	PicoGreen	released	'--
TCGA-CHOL	dcc87c59-fd8c-4511-9983-96d5b9784cb0	TCGA-3X-AAVE	671231f4-907d-44aa-af24-b8e5e440ba26	TCGA-3X-AAVE-01A	42226b6c-8bab-40f4-950a-4a5a726cf1c2	TCGA-3X-AAVE-01A-11	2dcb1049-9147-45d6-b671-8307fbb546ec	TCGA-3X-AAVE-01A-11R	1.88	'--	'--	RNA	R	'--	0.16	'--	'--	'--	'--	UV Spec	released	'--
TCGA-CHOL	dcc87c59-fd8c-4511-9983-96d5b9784cb0	TCGA-3X-AAVE	671231f4-907d-44aa-af24-b8e5e440ba26	TCGA-3X-AAVE-01A	42226b6c-8bab-40f4-950a-4a5a726cf1c2	TCGA-3X-AAVE-01A-11	b925e2c5-bf5e-421b-a836-8d76a361a5a2	TCGA-3X-AAVE-01A-11D	'--	'--	'--	DNA	D	'--	0.17	'--	'--	'--	'--	PicoGreen	released	'--
TCGA-CHOL	aaacf22c-2362-4613-b024-88fb7dd1cca1	TCGA-W5-AA2U	2ddcf39c-a57e-4d32-bfae-b3bb9ae65e22	TCGA-W5-AA2U-10A	92619302-81dd-4094-a960-96aad4fb9b29	TCGA-W5-AA2U-10A-01	792f6267-ee15-42ce-88c6-b2ca24502696	TCGA-W5-AA2U-10A-01D	'--	'--	'--	DNA	D	'--	0.15	'--	'--	'--	'--	PicoGreen	released	'--
TCGA-CHOL	aaacf22c-2362-4613-b024-88fb7dd1cca1	TCGA-W5-AA2U	97aad42e-953b-4cc1-9bbc-3c1f8af662bd	TCGA-W5-AA2U-11A	3edd4f3d-5d3b-4712-a90e-fdfc6f1aa62f	TCGA-W5-AA2U-11A-11	5df04a8a-2345-4408-8639-1a7c62ad5549	TCGA-W5-AA2U-11A-11D	'--	'--	'--	DNA	D	'--	0.16	'--	'--	'--	'--	PicoGreen	released	'--
TCGA-CHOL	aaacf22c-2362-4613-b024-88fb7dd1cca1	TCGA-W5-AA2U	97aad42e-953b-4cc1-9bbc-3c1f8af662bd	TCGA-W5-AA2U-11A	3edd4f3d-5d3b-4712-a90e-fdfc6f1aa62f	TCGA-W5-AA2U-11A-11	97775ec7-5746-4611-a584-3afa19670cea	TCGA-W5-AA2U-11A-11R	1.9	'--	'--	RNA	R	'--	0.16	'--	'--	'--	'--	UV Spec	released	'--
TCGA-CHOL	aaacf22c-2362-4613-b024-88fb7dd1cca1	TCGA-W5-AA2U	fc94b207-8fbe-4267-9b40-b66ad66c565e	TCGA-W5-AA2U-01A	641c4e93-3d08-48fd-b171-c7d24993ed44	TCGA-W5-AA2U-01A-11	4075d0f9-4639-4b4e-ba04-5da3fc314f57	TCGA-W5-AA2U-01A-11D	'--	'--	'--	DNA	D	'--	0.17	'--	'--	'--	'--	PicoGreen	released	'--
TCGA-CHOL	aaacf22c-2362-4613-b024-88fb7dd1cca1	TCGA-W5-AA2U	fc94b207-8fbe-4267-9b40-b66ad66c565e	TCGA-W5-AA2U-01A	641c4e93-3d08-48fd-b171-c7d24993ed44	TCGA-W5-AA2U-01A-11	ecc1a8fb-626d-4cd5-88a0-6fb6f8083f8f	TCGA-W5-AA2U-01A-11R	1.89	'--	'--	RNA	R	'--	0.18	'--	'--	'--	'--	UV Spec	released	'--
TCGA-CHOL	b16e9c3f-c7df-46c2-bee3-ecaebbab025f	TCGA-ZH-A8Y1	0889104b-8289-44cc-b500-eaf303f859ac	TCGA-ZH-A8Y1-01A	9eebe807-c041-4807-9362-1a9c09f62b35	TCGA-ZH-A8Y1-01A-11	06f38150-bf4e-4244-a2f0-a98be150883f	TCGA-ZH-A8Y1-01A-11R	1.94	'--	'--	RNA	R	'--	0.18	'--	'--	'--	'--	UV Spec	released	'--
TCGA-CHOL	b16e9c3f-c7df-46c2-bee3-ecaebbab025f	TCGA-ZH-A8Y1	0889104b-8289-44cc-b500-eaf303f859ac	TCGA-ZH-A8Y1-01A	9eebe807-c041-4807-9362-1a9c09f62b35	TCGA-ZH-A8Y1-01A-11	cacf5d89-e261-4c84-831d-3b81d9e57526	TCGA-ZH-A8Y1-01A-11D	'--	'--	'--	DNA	D	'--	0.16	'--	'--	'--	'--	PicoGreen	released	'--
TCGA-CHOL	b16e9c3f-c7df-46c2-bee3-ecaebbab025f	TCGA-ZH-A8Y1	5cd52c8b-0f13-4987-9a57-25d34c97b49f	TCGA-ZH-A8Y1-10A	ed3aa85e-476a-4969-b00e-e6f15f41e027	TCGA-ZH-A8Y1-10A-01	5f8a4524-8d91-43a5-8eed-b8e4662397a9	TCGA-ZH-A8Y1-10A-01D	'--	'--	'--	DNA	D	'--	0.16	'--	'--	'--	'--	PicoGreen	released	'--
TCGA-CHOL	bc15cec4-1f82-47fe-ae69-3853194fab7e	TCGA-W5-AA2H	41f648bb-b4cf-4e26-9342-a8f22529076d	TCGA-W5-AA2H-01A	2b288c32-7940-46d8-8c34-7899975db38e	TCGA-W5-AA2H-01A-31	2e4bb4d1-6e80-4ccc-9906-7d140032bad8	TCGA-W5-AA2H-01A-31D	'--	'--	'--	DNA	D	'--	0.16	'--	'--	'--	'--	PicoGreen	released	'--
TCGA-CHOL	bc15cec4-1f82-47fe-ae69-3853194fab7e	TCGA-W5-AA2H	41f648bb-b4cf-4e26-9342-a8f22529076d	TCGA-W5-AA2H-01A	2b288c32-7940-46d8-8c34-7899975db38e	TCGA-W5-AA2H-01A-31	419fe83d-0760-4408-ac76-e6b1de6f442d	TCGA-W5-AA2H-01A-31R	1.93	'--	'--	RNA	R	'--	0.18	'--	'--	'--	'--	UV Spec	released	'--
TCGA-CHOL	bc15cec4-1f82-47fe-ae69-3853194fab7e	TCGA-W5-AA2H	5ec32af6-229d-4b0c-a5ba-53bcd87af185	TCGA-W5-AA2H-10A	40087ad9-b8a6-4789-b000-aa86f53654bc	TCGA-W5-AA2H-10A-01	529ebf80-c13e-4856-a488-8f75ab47bd44	TCGA-W5-AA2H-10A-01D	'--	'--	'--	DNA	D	'--	0.14	'--	'--	'--	'--	PicoGreen	released	'--
TCGA-CHOL	c60eb7be-c85c-4338-a20b-51948d43bf2a	TCGA-4G-AAZG	5109b687-d275-49e1-9a64-9fe4f383385f	TCGA-4G-AAZG-01A	957131a8-f2af-4fc2-879a-d02fcfbbfb50	TCGA-4G-AAZG-01A-11	3767fae1-aaae-4238-aecc-bb56c3c633c8	TCGA-4G-AAZG-01A-11D	'--	'--	'--	DNA	D	'--	0.14	'--	'--	'--	'--	PicoGreen	released	'--
TCGA-CHOL	c60eb7be-c85c-4338-a20b-51948d43bf2a	TCGA-4G-AAZG	9ec2ccf5-8868-4a93-8375-773fe0f0b1c5	TCGA-4G-AAZG-10A	df58ce30-2661-4713-b45e-93e2e5b71a0f	TCGA-4G-AAZG-10A-01	5adde2a6-f0a2-4cfd-a219-8f958d3c499c	TCGA-4G-AAZG-10A-01D	'--	'--	'--	DNA	D	'--	0.15	'--	'--	'--	'--	PicoGreen	released	'--
TCGA-CHOL	5fb3affa-3661-48e8-a1cc-b533c862e8c5	TCGA-W5-AA33	0cd120e6-d17e-4d43-934e-f0fb74a00319	TCGA-W5-AA33-10A	69ff1838-c713-4ce2-abe3-972fe0cc4cf1	TCGA-W5-AA33-10A-01	24e20674-3770-4476-8c83-85f421fab3f4	TCGA-W5-AA33-10A-01D	'--	'--	'--	DNA	D	'--	0.15	'--	'--	'--	'--	PicoGreen	released	'--
TCGA-CHOL	5fb3affa-3661-48e8-a1cc-b533c862e8c5	TCGA-W5-AA33	e235e45d-9cbe-4c11-8f49-38aa743763d2	TCGA-W5-AA33-01A	ce8e04d9-d448-4928-8c22-063de60fdfd5	TCGA-W5-AA33-01A-11	3fe12e1e-a719-47ed-9554-c080dbcecd11	TCGA-W5-AA33-01A-11R	1.86	'--	'--	RNA	R	'--	0.17	'--	'--	'--	'--	UV Spec	released	'--
TCGA-CHOL	5fb3affa-3661-48e8-a1cc-b533c862e8c5	TCGA-W5-AA33	e235e45d-9cbe-4c11-8f49-38aa743763d2	TCGA-W5-AA33-01A	ce8e04d9-d448-4928-8c22-063de60fdfd5	TCGA-W5-AA33-01A-11	8dcd6d3d-97c0-4a78-bd8b-9fe6f6e0a382	TCGA-W5-AA33-01A-11D	'--	'--	'--	DNA	D	'--	0.16	'--	'--	'--	'--	PicoGreen	released	'--
TCGA-CHOL	5fb3affa-3661-48e8-a1cc-b533c862e8c5	TCGA-W5-AA33	f64ef549-8423-4818-8826-25bd5d01795d	TCGA-W5-AA33-11A	bf6a5d25-5f60-492b-9fa2-8b9a4bd81cab	TCGA-W5-AA33-11A-11	1a03536d-fe61-4f57-8a09-88bfdbf0423b	TCGA-W5-AA33-11A-11D	'--	'--	'--	DNA	D	'--	0.16	'--	'--	'--	'--	PicoGreen	released	'--
TCGA-CHOL	0775583e-c0a0-4f18-9ca2-8f89cedce3d6	TCGA-4G-AAZO	e570797a-11f8-4630-9b2f-806f5b61c0f5	TCGA-4G-AAZO-01A	35c2502b-7821-493e-a53e-994d6eabf71e	TCGA-4G-AAZO-01A-12	30e5b0a5-b90d-4254-8b0f-028181b33b55	TCGA-4G-AAZO-01A-12D	'--	'--	'--	DNA	D	'--	0.16	'--	'--	'--	'--	PicoGreen	released	'--
TCGA-CHOL	0775583e-c0a0-4f18-9ca2-8f89cedce3d6	TCGA-4G-AAZO	e570797a-11f8-4630-9b2f-806f5b61c0f5	TCGA-4G-AAZO-01A	35c2502b-7821-493e-a53e-994d6eabf71e	TCGA-4G-AAZO-01A-12	4eea2e2e-02d5-4b98-87d1-3fab9328432a	TCGA-4G-AAZO-01A-12R	1.84	'--	'--	RNA	R	'--	0.18	'--	'--	'--	'--	UV Spec	released	'--
TCGA-CHOL	0775583e-c0a0-4f18-9ca2-8f89cedce3d6	TCGA-4G-AAZO	f3a472a2-46b6-47be-a4a8-b208a7ba066a	TCGA-4G-AAZO-11A	686b1202-bcb2-4796-9992-87e6d7b6f4d9	TCGA-4G-AAZO-11A-11	0054d55e-ac7a-42da-9709-c74dedd53bd8	TCGA-4G-AAZO-11A-11D	'--	'--	'--	DNA	D	'--	0.16	'--	'--	'--	'--	PicoGreen	released	'--
TCGA-CHOL	ccb028ae-777c-4af6-b92e-40848f1cf774	TCGA-ZD-A8I3	2b366684-75dc-4484-8ccd-7e8032e44cec	TCGA-ZD-A8I3-10A	965e4cd5-aed4-455a-a43a-31eb659d63b1	TCGA-ZD-A8I3-10A-01	184dda5e-cb2a-41b8-82a8-5a6f1ed8029b	TCGA-ZD-A8I3-10A-01D	'--	'--	'--	DNA	D	'--	0.15	'--	'--	'--	'--	PicoGreen	released	'--
TCGA-CHOL	ccb028ae-777c-4af6-b92e-40848f1cf774	TCGA-ZD-A8I3	d711760d-902d-45c1-83c6-b6671a8627aa	TCGA-ZD-A8I3-01A	8a97551b-320e-4274-ab63-9bd2043926e1	TCGA-ZD-A8I3-01A-11	a4653fd7-89b8-4d65-ae74-117bc01626cd	TCGA-ZD-A8I3-01A-11D	'--	'--	'--	DNA	D	'--	0.16	'--	'--	'--	'--	PicoGreen	released	'--
TCGA-CHOL	ccb028ae-777c-4af6-b92e-40848f1cf774	TCGA-ZD-A8I3	d711760d-902d-45c1-83c6-b6671a8627aa	TCGA-ZD-A8I3-01A	8a97551b-320e-4274-ab63-9bd2043926e1	TCGA-ZD-A8I3-01A-11	f8fe9254-d566-43dd-8f9f-ed603be147ff	TCGA-ZD-A8I3-01A-11R	1.81	'--	'--	RNA	R	'--	0.17	'--	'--	'--	'--	UV Spec	released	'--
TCGA-CHOL	7f08f522-08ff-4b30-aa5b-e69cf15041c9	TCGA-5A-A8ZF	36ab1390-3435-4887-ace8-9abee0aa19d6	TCGA-5A-A8ZF-01A	b3bef327-01b8-4be3-9fe5-fd07477ec32d	TCGA-5A-A8ZF-01A-12	6b0f4b13-afae-4f4e-9572-739034238f83	TCGA-5A-A8ZF-01A-12D	'--	'--	'--	DNA	D	'--	0.16	'--	'--	'--	'--	PicoGreen	released	'--
TCGA-CHOL	7f08f522-08ff-4b30-aa5b-e69cf15041c9	TCGA-5A-A8ZF	be1def9f-f4ef-4934-bc95-cb889e7f6863	TCGA-5A-A8ZF-10A	b31e4b91-9173-4f29-b202-a2f546b23a1b	TCGA-5A-A8ZF-10A-01	cb4d7a5e-328e-4571-b900-25b8bfeabf20	TCGA-5A-A8ZF-10A-01D	'--	'--	'--	DNA	D	'--	0.15	'--	'--	'--	'--	PicoGreen	released	'--
TCGA-CHOL	9d9109f5-5917-4126-8e34-8a7e4632e913	TCGA-ZH-A8Y5	c333b64d-64b7-448f-a786-ee7b82b84b06	TCGA-ZH-A8Y5-01A	2c9a8381-93b9-441f-b8dd-efa6b50812fd	TCGA-ZH-A8Y5-01A-31-A617-42	6dcd2655-210e-4da0-b1db-5deeb9e23f2a	TCGA-ZH-A8Y5-01A-31-A617-42-X016-S04	'--	'--	'--	DNA	'--	'--	'--	'--	'--	'--	'--	'--	released	'--
TCGA-CHOL	9d9109f5-5917-4126-8e34-8a7e4632e913	TCGA-ZH-A8Y5	c333b64d-64b7-448f-a786-ee7b82b84b06	TCGA-ZH-A8Y5-01A	3945ce41-d0ed-4b25-9462-128de183a315	TCGA-ZH-A8Y5-01A-11	21c9c876-6e9f-488a-8eb4-17f3d823bb1d	TCGA-ZH-A8Y5-01A-11R	1.85	'--	'--	RNA	R	'--	0.17	'--	'--	'--	'--	UV Spec	released	'--
TCGA-CHOL	9d9109f5-5917-4126-8e34-8a7e4632e913	TCGA-ZH-A8Y5	c333b64d-64b7-448f-a786-ee7b82b84b06	TCGA-ZH-A8Y5-01A	3945ce41-d0ed-4b25-9462-128de183a315	TCGA-ZH-A8Y5-01A-11	eec571d1-6d65-407e-97c0-53e2cbccb58b	TCGA-ZH-A8Y5-01A-11D	'--	'--	'--	DNA	D	'--	0.16	'--	'--	'--	'--	PicoGreen	released	'--
TCGA-CHOL	9d9109f5-5917-4126-8e34-8a7e4632e913	TCGA-ZH-A8Y5	e73fd1ac-2d37-4ad3-b036-0f043a421608	TCGA-ZH-A8Y5-10A	eb959b1c-60b0-4ba4-8101-d3ae714d18d9	TCGA-ZH-A8Y5-10A-01	85c523ff-3c3f-4c12-95c8-e7bb056c3674	TCGA-ZH-A8Y5-10A-01D	'--	'--	'--	DNA	D	'--	0.16	'--	'--	'--	'--	PicoGreen	released	'--
TCGA-CHOL	8944fe2a-e32f-4898-a2c5-fb6751f602a4	TCGA-W5-AA2T	10166f6c-cd29-47ea-ab22-6f2b7b10ab60	TCGA-W5-AA2T-10A	54025aea-9d5e-416a-823b-fd76e9be19eb	TCGA-W5-AA2T-10A-01	8f1e0938-e79d-44fe-ac67-c10c05dc05e6	TCGA-W5-AA2T-10A-01D	'--	'--	'--	DNA	D	'--	0.14	'--	'--	'--	'--	PicoGreen	released	'--
TCGA-CHOL	8944fe2a-e32f-4898-a2c5-fb6751f602a4	TCGA-W5-AA2T	239a9937-50ba-4c07-9046-224b48c2e7df	TCGA-W5-AA2T-01A	ab85a6bd-f199-49f9-8ef9-61111a7c6bed	TCGA-W5-AA2T-01A-12	7b52954a-4180-437d-a507-e98a4cde11a4	TCGA-W5-AA2T-01A-12D	'--	'--	'--	DNA	D	'--	0.16	'--	'--	'--	'--	PicoGreen	released	'--
TCGA-CHOL	8944fe2a-e32f-4898-a2c5-fb6751f602a4	TCGA-W5-AA2T	239a9937-50ba-4c07-9046-224b48c2e7df	TCGA-W5-AA2T-01A	ab85a6bd-f199-49f9-8ef9-61111a7c6bed	TCGA-W5-AA2T-01A-12	f40c563f-2937-4dad-89df-98eac2aa0868	TCGA-W5-AA2T-01A-12R	1.83	'--	'--	RNA	R	'--	0.15	'--	'--	'--	'--	UV Spec	released	'--
TCGA-CHOL	8944fe2a-e32f-4898-a2c5-fb6751f602a4	TCGA-W5-AA2T	c6199310-ca05-4544-b3ea-de426848838a	TCGA-W5-AA2T-11A	0d01038c-c74a-4e9f-8bb8-8ac826d2666d	TCGA-W5-AA2T-11A-11	d36a1cec-ba84-4391-ae70-214cbf8eb2e6	TCGA-W5-AA2T-11A-11D	'--	'--	'--	DNA	D	'--	0.16	'--	'--	'--	'--	PicoGreen	released	'--
TCGA-CHOL	fe57b639-db7a-460f-adfe-552f1e034e46	TCGA-3X-AAVA	10ad01b6-09b1-4806-ad6b-6c015b26fa75	TCGA-3X-AAVA-01A	39dcfad0-1750-4418-9643-b5f2ead9632a	TCGA-3X-AAVA-01A-31-A617-42	eb36471c-d7cd-465b-b6aa-e87001b7fbbe	TCGA-3X-AAVA-01A-31-A617-42-X014-S08	'--	'--	'--	DNA	'--	'--	'--	'--	'--	'--	'--	'--	released	'--
TCGA-CHOL	fe57b639-db7a-460f-adfe-552f1e034e46	TCGA-3X-AAVA	10ad01b6-09b1-4806-ad6b-6c015b26fa75	TCGA-3X-AAVA-01A	8ba952e5-b920-453e-ad04-17b1653e4f9a	TCGA-3X-AAVA-01A-11	0e134bfa-f07d-41b0-b9a0-6d3b7dc51d09	TCGA-3X-AAVA-01A-11D	'--	'--	'--	DNA	D	'--	0.17	'--	'--	'--	'--	PicoGreen	released	'--
TCGA-CHOL	fe57b639-db7a-460f-adfe-552f1e034e46	TCGA-3X-AAVA	10ad01b6-09b1-4806-ad6b-6c015b26fa75	TCGA-3X-AAVA-01A	8ba952e5-b920-453e-ad04-17b1653e4f9a	TCGA-3X-AAVA-01A-11	165b1fbb-2cf4-40b8-b75c-a3d042acfd30	TCGA-3X-AAVA-01A-11R	1.83	'--	'--	RNA	R	'--	0.17	'--	'--	'--	'--	UV Spec	released	'--
TCGA-CHOL	fe57b639-db7a-460f-adfe-552f1e034e46	TCGA-3X-AAVA	b4ec38e1-df29-4646-9521-9d3d2bce173c	TCGA-3X-AAVA-10A	5154ff6b-617b-4f87-8782-6ae6fe57cc41	TCGA-3X-AAVA-10A-01	6900aec9-2995-4439-9b41-be76d9a20c69	TCGA-3X-AAVA-10A-01D	'--	'--	'--	DNA	D	'--	0.16	'--	'--	'--	'--	PicoGreen	released	'--
TCGA-CHOL	c8e57f03-ac69-49bb-954b-4c40fe371f75	TCGA-5A-A8ZG	0e19527e-9f04-4bd7-8e86-aa33ea13309b	TCGA-5A-A8ZG-10A	34d91246-9a09-4380-8072-ef080d11ab70	TCGA-5A-A8ZG-10A-01	874de498-3481-481c-8e52-b9acb37b36bd	TCGA-5A-A8ZG-10A-01D	'--	'--	'--	DNA	D	'--	0.14	'--	'--	'--	'--	PicoGreen	released	'--
TCGA-CHOL	c8e57f03-ac69-49bb-954b-4c40fe371f75	TCGA-5A-A8ZG	d1e05ffb-3319-4ce3-8f47-5de7f2ec5dd6	TCGA-5A-A8ZG-01A	8f610b99-3cf4-4041-909a-746f87b9e8aa	TCGA-5A-A8ZG-01A-11	6449a3df-d496-40cf-a6a1-3a63a07ab152	TCGA-5A-A8ZG-01A-11D	'--	'--	'--	DNA	D	'--	0.14	'--	'--	'--	'--	PicoGreen	released	'--
TCGA-CHOL	57500d4c-4bb3-4f32-ae3a-a0b78f18c526	TCGA-4G-AAZR	377fa557-9b31-4ada-b3d2-c7c2ab8150aa	TCGA-4G-AAZR-11A	8824d473-984d-4533-a61f-b12a8788e515	TCGA-4G-AAZR-11A-11	60b8a4ef-abc7-43f4-844c-6be96a0946a3	TCGA-4G-AAZR-11A-11D	'--	'--	'--	DNA	D	'--	0.17	'--	'--	'--	'--	PicoGreen	released	'--
TCGA-CHOL	57500d4c-4bb3-4f32-ae3a-a0b78f18c526	TCGA-4G-AAZR	8085c2eb-4374-4750-929b-730347e0ea53	TCGA-4G-AAZR-01A	13690e65-e51a-42fc-ae25-55f7db7b197e	TCGA-4G-AAZR-01A-11	88f1d78f-9bdc-4ac8-8971-039d6924a724	TCGA-4G-AAZR-01A-11D	'--	'--	'--	DNA	D	'--	0.15	'--	'--	'--	'--	PicoGreen	released	'--
TCGA-CHOL	48d17b17-348c-405a-ae92-f190372a3aac	TCGA-W5-AA38	3142e952-b78a-4e63-8537-de8771d78006	TCGA-W5-AA38-01A	70ff0945-d834-4d54-9d59-bb2e9eb1e589	TCGA-W5-AA38-01A-11	b1d462bc-1e42-4c91-be91-76f338fa141a	TCGA-W5-AA38-01A-11D	'--	'--	'--	DNA	D	'--	0.15	'--	'--	'--	'--	PicoGreen	released	'--
TCGA-CHOL	48d17b17-348c-405a-ae92-f190372a3aac	TCGA-W5-AA38	3142e952-b78a-4e63-8537-de8771d78006	TCGA-W5-AA38-01A	70ff0945-d834-4d54-9d59-bb2e9eb1e589	TCGA-W5-AA38-01A-11	e789bdd0-bd74-470f-a8d5-ef661e1ccf2a	TCGA-W5-AA38-01A-11R	1.77	'--	'--	RNA	R	'--	0.16	'--	'--	'--	'--	UV Spec	released	'--
TCGA-CHOL	48d17b17-348c-405a-ae92-f190372a3aac	TCGA-W5-AA38	5dc3e416-92e5-4d2e-94d4-fa2eee582f68	TCGA-W5-AA38-10A	35aaeb9a-03c4-4081-aa1e-494d5721f699	TCGA-W5-AA38-10A-01	6ddea266-1d72-450d-9892-ea1d5ebf4b38	TCGA-W5-AA38-10A-01D	'--	'--	'--	DNA	D	'--	0.15	'--	'--	'--	'--	PicoGreen	released	'--
TCGA-CHOL	37d60df9-2fa5-433b-9e54-dccb5ed5a638	TCGA-ZH-A8Y7	8d698468-fedd-40c1-aa8b-e44a26958c20	TCGA-ZH-A8Y7-10A	b42c7075-9d8e-4edb-81fb-338f9327cbc5	TCGA-ZH-A8Y7-10A-01	c18d58e2-e1d9-4012-ace3-91c5116892a0	TCGA-ZH-A8Y7-10A-01D	'--	'--	'--	DNA	D	'--	0.16	'--	'--	'--	'--	PicoGreen	released	'--
TCGA-CHOL	37d60df9-2fa5-433b-9e54-dccb5ed5a638	TCGA-ZH-A8Y7	d72ca8ae-ed15-43f1-a81d-26a05d70fe9d	TCGA-ZH-A8Y7-01A	1061ff2e-0eca-4de5-8d6d-e1a9b123b75f	TCGA-ZH-A8Y7-01A-31-A617-42	f178e864-f0da-4d22-a6f4-48ee13c73e3b	TCGA-ZH-A8Y7-01A-31-A617-42-X009-S05	'--	'--	'--	DNA	'--	'--	'--	'--	'--	'--	'--	'--	released	'--
TCGA-CHOL	37d60df9-2fa5-433b-9e54-dccb5ed5a638	TCGA-ZH-A8Y7	d72ca8ae-ed15-43f1-a81d-26a05d70fe9d	TCGA-ZH-A8Y7-01A	918851f7-2a3a-4a6d-a0af-5ec92faa9d27	TCGA-ZH-A8Y7-01A-21	0e54c555-ba33-46aa-be93-8901488d6d25	TCGA-ZH-A8Y7-01A-21D	'--	'--	'--	DNA	D	'--	0.17	'--	'--	'--	'--	PicoGreen	released	'--
TCGA-CHOL	d64d8a1b-b31f-4cbb-a586-5ec7f058f0de	TCGA-W7-A93N	2481fc31-66ca-423f-a251-5e8aaca02e4d	TCGA-W7-A93N-11A	0a67a228-26ab-4521-b6aa-d93d4157f135	TCGA-W7-A93N-11A-11	e1d5b003-218d-48f3-9cdc-97a66306f556	TCGA-W7-A93N-11A-11D	'--	'--	'--	DNA	D	'--	0.16	'--	'--	'--	'--	PicoGreen	released	'--
TCGA-CHOL	d64d8a1b-b31f-4cbb-a586-5ec7f058f0de	TCGA-W7-A93N	97e60862-9e1f-414c-bb27-f3bd3bb7eb6c	TCGA-W7-A93N-01A	1d0f71de-1c7f-4582-ace4-42cfa7e223e3	TCGA-W7-A93N-01A-22	9d688055-f790-4f3e-8ece-488681fc21b8	TCGA-W7-A93N-01A-22D	'--	'--	'--	DNA	D	'--	0.14	'--	'--	'--	'--	PicoGreen	released	'--
TCGA-CHOL	d64d8a1b-b31f-4cbb-a586-5ec7f058f0de	TCGA-W7-A93N	97e60862-9e1f-414c-bb27-f3bd3bb7eb6c	TCGA-W7-A93N-01A	500901b3-0753-4499-9a97-91cef27c355e	TCGA-W7-A93N-01A-21-A617-42	b10a4d3b-bbae-4f3d-8e73-2845c76769af	TCGA-W7-A93N-01A-21-A617-42-X005-S03	'--	'--	'--	DNA	'--	'--	'--	'--	'--	'--	'--	'--	released	'--
TCGA-CHOL	d64d8a1b-b31f-4cbb-a586-5ec7f058f0de	TCGA-W7-A93N	97e60862-9e1f-414c-bb27-f3bd3bb7eb6c	TCGA-W7-A93N-01A	d74ef6fe-c93a-4b4e-bc65-7c6a186b34e9	TCGA-W7-A93N-01A-11	64026b77-7055-46b2-9e21-508351ecfa1e	TCGA-W7-A93N-01A-11D	'--	'--	'--	DNA	D	'--	0.15	'--	'--	'--	'--	PicoGreen	released	'--
