project_id	case_id	case_submitter_id	sample_id	sample_submitter_id	portion_id	portion_submitter_id	creation_datetime	is_ffpe	portion_number	state	weight
TCGA-CHOL	ae8d1ed6-2ddf-47b0-8099-bbc9230b499e	TCGA-W7-A93P	764fd35b-10ba-4236-b2a6-c7433a6ce08d	TCGA-W7-A93P-01A	5f1b2539-8d00-4594-a2c8-7e68d39f1211	TCGA-W7-A93P-01A-12	1388361600.0	false	12	released	30.0
TCGA-CHOL	ae8d1ed6-2ddf-47b0-8099-bbc9230b499e	TCGA-W7-A93P	d23203bc-0683-49a7-9137-8a0639f46f5e	TCGA-W7-A93P-11A	79cd38be-d02f-4366-a9bc-a2424a12cba5	TCGA-W7-A93P-11A-11	1388361600.0	false	11	released	30.0
TCGA-CHOL	b4f7f9e4-5fc5-4461-8e0b-0b6c384863c6	TCGA-W5-AA30	00331883-d609-47e4-b91d-5ea19bc2dbf2	TCGA-W5-AA30-01Z	24003f67-986d-569c-8291-de7862e027a5	'--	'--	'--	'--	'--	'--
TCGA-CHOL	b4f7f9e4-5fc5-4461-8e0b-0b6c384863c6	TCGA-W5-AA30	89e6b4b4-2151-4167-a762-3948a475f3f2	TCGA-W5-AA30-01A	7da3db3c-7046-4a3b-94aa-a25bf08ee99b	TCGA-W5-AA30-01A-21	'--	'--	'--	released	'--
TCGA-CHOL	b4f7f9e4-5fc5-4461-8e0b-0b6c384863c6	TCGA-W5-AA30	89e6b4b4-2151-4167-a762-3948a475f3f2	TCGA-W5-AA30-01A	9c4bc985-43f5-421e-a479-3cfd9ae12506	TCGA-W5-AA30-01A-21-A45N-20	1406678400.0	false	21	released	'--
TCGA-CHOL	b4f7f9e4-5fc5-4461-8e0b-0b6c384863c6	TCGA-W5-AA30	89e6b4b4-2151-4167-a762-3948a475f3f2	TCGA-W5-AA30-01A	fbe422d3-3324-4ca7-b818-dd04caa60de4	TCGA-W5-AA30-01A-31	1390780800.0	false	31	released	30.0
TCGA-CHOL	b4f7f9e4-5fc5-4461-8e0b-0b6c384863c6	TCGA-W5-AA30	b46eda93-e712-45f9-8793-e190697a30a8	TCGA-W5-AA30-10A	b8e2483f-1edf-4168-ad6e-552fe61aae8c	TCGA-W5-AA30-10A-01	1389571200.0	false	01	released	'--
TCGA-CHOL	b4f7f9e4-5fc5-4461-8e0b-0b6c384863c6	TCGA-W5-AA30	be72384d-c424-4553-9a80-0f37e4ced48e	TCGA-W5-AA30-11A	29a342ad-f569-4f32-b1a8-579f82329f2e	TCGA-W5-AA30-11A-11	1390780800.0	false	11	released	30.0
TCGA-CHOL	859ed2d9-668d-440c-86ab-dcd0d9742973	TCGA-W5-AA2K	136dc94f-5a97-4cb5-a015-4cde25550802	TCGA-W5-AA2K-10A	4ad8d276-852e-4d0f-b158-01f423054bce	TCGA-W5-AA2K-10A-01	1389571200.0	false	01	released	'--
TCGA-CHOL	859ed2d9-668d-440c-86ab-dcd0d9742973	TCGA-W5-AA2K	ed74a1ff-407c-4110-9d7f-0e85e4c4c2c2	TCGA-W5-AA2K-01A	e591d5ec-6caa-4531-9be5-2f27cdce1eb5	TCGA-W5-AA2K-01A-11	1389916800.0	false	11	released	30.0
TCGA-CHOL	1d136284-bdf5-498e-9506-4893801a337c	TCGA-W5-AA2W	39d0161c-b2a2-4b75-9a16-e668403a759b	TCGA-W5-AA2W-01A	26de5fce-13dd-46ae-b011-bea9063a690f	TCGA-W5-AA2W-01A-21	'--	'--	'--	released	'--
TCGA-CHOL	1d136284-bdf5-498e-9506-4893801a337c	TCGA-W5-AA2W	39d0161c-b2a2-4b75-9a16-e668403a759b	TCGA-W5-AA2W-01A	3d6c2b3c-a94d-4593-b040-f9c09695401b	TCGA-W5-AA2W-01A-21-A45N-20	1406678400.0	false	21	released	'--
TCGA-CHOL	1d136284-bdf5-498e-9506-4893801a337c	TCGA-W5-AA2W	39d0161c-b2a2-4b75-9a16-e668403a759b	TCGA-W5-AA2W-01A	c2effaf7-e88a-4ed0-98ad-6a5a7e8c78b4	TCGA-W5-AA2W-01A-11	1390176000.0	false	11	released	30.0
TCGA-CHOL	1d136284-bdf5-498e-9506-4893801a337c	TCGA-W5-AA2W	93501b57-edd2-4e87-b863-82ff93f7239f	TCGA-W5-AA2W-01Z	e972bdda-d1a8-587f-a9b8-76f92fb3f528	'--	'--	'--	'--	'--	'--
TCGA-CHOL	1d136284-bdf5-498e-9506-4893801a337c	TCGA-W5-AA2W	ee43900b-9a8d-4eee-a9a4-ca37b20bfefa	TCGA-W5-AA2W-10A	53159f22-e846-4cc1-8292-a7275462da46	TCGA-W5-AA2W-10A-01	1389571200.0	false	01	released	'--
TCGA-CHOL	22bf93b3-c8dc-4669-862f-3e4ae478849b	TCGA-W5-AA2G	32ca043b-e50e-4168-ae43-33e958f1afd5	TCGA-W5-AA2G-01Z	4e12473f-a0f8-5889-be04-96b66bf3eff6	'--	'--	'--	'--	'--	'--
TCGA-CHOL	22bf93b3-c8dc-4669-862f-3e4ae478849b	TCGA-W5-AA2G	42a1aec6-f8eb-4397-a8e0-04c23b15b7ed	TCGA-W5-AA2G-01A	41680f3e-e438-432b-a88e-bf6cc5deea04	TCGA-W5-AA2G-01A-21	'--	'--	'--	released	'--
TCGA-CHOL	22bf93b3-c8dc-4669-862f-3e4ae478849b	TCGA-W5-AA2G	42a1aec6-f8eb-4397-a8e0-04c23b15b7ed	TCGA-W5-AA2G-01A	936f1b55-9593-4bcf-adef-f9f96d092dd5	TCGA-W5-AA2G-01A-21-A45N-20	1406678400.0	false	21	released	'--
TCGA-CHOL	22bf93b3-c8dc-4669-862f-3e4ae478849b	TCGA-W5-AA2G	42a1aec6-f8eb-4397-a8e0-04c23b15b7ed	TCGA-W5-AA2G-01A	a37b437a-ec64-4667-aa9b-1550fd4b34b3	TCGA-W5-AA2G-01A-11	1389916800.0	false	11	released	30.0
TCGA-CHOL	22bf93b3-c8dc-4669-862f-3e4ae478849b	TCGA-W5-AA2G	a599c1b2-dbb5-44b7-b77d-30d9825e4f74	TCGA-W5-AA2G-10A	3cccde3c-fbcc-4c25-9dcd-979a941906be	TCGA-W5-AA2G-10A-01	1389571200.0	false	01	released	'--
TCGA-CHOL	b10c64c2-7fd2-4210-b975-034affb14b57	TCGA-4G-AAZT	354c8077-9a71-407c-91a1-999d7ed34667	TCGA-4G-AAZT-10A	883af8c7-45ec-4a25-84d8-c1f5c20f6a77	TCGA-4G-AAZT-10A-01	1399334400.0	false	01	released	2.0
TCGA-CHOL	b10c64c2-7fd2-4210-b975-034affb14b57	TCGA-4G-AAZT	432ac43f-f9db-4e60-be3c-bbf7b2d59b7c	TCGA-4G-AAZT-11A	5dc9a189-9ed9-4620-b0d3-315aebbdc214	TCGA-4G-AAZT-11A-11	1397606400.0	false	11	released	30.0
TCGA-CHOL	b10c64c2-7fd2-4210-b975-034affb14b57	TCGA-4G-AAZT	c2eca425-1bdf-425a-95bb-1d7b861c6689	TCGA-4G-AAZT-01A	3580629a-ce72-4a05-9811-5347e590a68b	TCGA-4G-AAZT-01A-21-A45N-20	1406678400.0	false	21	released	'--
TCGA-CHOL	b10c64c2-7fd2-4210-b975-034affb14b57	TCGA-4G-AAZT	c2eca425-1bdf-425a-95bb-1d7b861c6689	TCGA-4G-AAZT-01A	7e4dfc89-ccfc-4cd3-a7a5-a7d5a8eb0c84	TCGA-4G-AAZT-01A-11	1397606400.0	false	11	released	30.0
TCGA-CHOL	b10c64c2-7fd2-4210-b975-034affb14b57	TCGA-4G-AAZT	c2eca425-1bdf-425a-95bb-1d7b861c6689	TCGA-4G-AAZT-01A	c841c55f-5d6c-411a-b327-92a80c3dd7dd	TCGA-4G-AAZT-01A-21	'--	'--	'--	released	'--
TCGA-CHOL	b10c64c2-7fd2-4210-b975-034affb14b57	TCGA-4G-AAZT	f19c7920-20a8-4f52-b299-636363d12709	TCGA-4G-AAZT-01Z	c261a1e7-a6fa-5b81-82aa-b33f7f77b868	'--	'--	'--	'--	'--	'--
TCGA-CHOL	95b69517-4971-450e-9ed0-43bc8b2c0534	TCGA-ZH-A8Y4	69c14659-da45-46a7-bd76-7625ec37b2ce	TCGA-ZH-A8Y4-01A	24ffa1b7-764b-454d-ad52-fd1f9aef097a	TCGA-ZH-A8Y4-01A-11	1387756800.0	false	11	released	30.0
TCGA-CHOL	95b69517-4971-450e-9ed0-43bc8b2c0534	TCGA-ZH-A8Y4	718ce1aa-6746-4ef1-80fe-13f170276781	TCGA-ZH-A8Y4-01Z	5f8ecbbb-09ab-5058-81f1-91849810f9e5	'--	'--	'--	'--	'--	'--
TCGA-CHOL	95b69517-4971-450e-9ed0-43bc8b2c0534	TCGA-ZH-A8Y4	affaf2a9-3339-4b82-bbbc-d2fd1f95fed5	TCGA-ZH-A8Y4-10A	a7a3e4aa-2fa5-4f28-91ff-20d951a1538b	TCGA-ZH-A8Y4-10A-01	1386892800.0	false	01	released	'--
TCGA-CHOL	180a2b9c-9cac-4d96-86e8-cd6b3b9386b5	TCGA-W5-AA2O	7a141b03-f698-464f-964f-ac06f21d0d0b	TCGA-W5-AA2O-01Z	1885b6b1-a337-5273-b5f4-2523a004c6f8	'--	'--	'--	'--	'--	'--
TCGA-CHOL	180a2b9c-9cac-4d96-86e8-cd6b3b9386b5	TCGA-W5-AA2O	93fe7f5a-b672-4e15-a891-9706b7a76082	TCGA-W5-AA2O-10A	01a358c3-4ea5-4532-9e0f-89e0ca0acf8e	TCGA-W5-AA2O-10A-01	1389571200.0	false	01	released	'--
TCGA-CHOL	180a2b9c-9cac-4d96-86e8-cd6b3b9386b5	TCGA-W5-AA2O	cb143099-bf51-4648-a6de-b2974f709e05	TCGA-W5-AA2O-11A	e650720d-721b-4972-bfb7-50f9b904f11d	TCGA-W5-AA2O-11A-11	1390435200.0	false	11	released	30.0
TCGA-CHOL	180a2b9c-9cac-4d96-86e8-cd6b3b9386b5	TCGA-W5-AA2O	ef4d9f23-59d6-4e1f-bd19-5832aae880ab	TCGA-W5-AA2O-01A	302d85ad-761b-486b-b85b-f5751c06c25c	TCGA-W5-AA2O-01A-21-A45N-20	1406678400.0	false	21	released	'--
TCGA-CHOL	180a2b9c-9cac-4d96-86e8-cd6b3b9386b5	TCGA-W5-AA2O	ef4d9f23-59d6-4e1f-bd19-5832aae880ab	TCGA-W5-AA2O-01A	97bd6831-50cd-47ba-be7c-a370f9c46ac6	TCGA-W5-AA2O-01A-21	'--	'--	'--	released	'--
TCGA-CHOL	180a2b9c-9cac-4d96-86e8-cd6b3b9386b5	TCGA-W5-AA2O	ef4d9f23-59d6-4e1f-bd19-5832aae880ab	TCGA-W5-AA2O-01A	db3db200-6ce9-47a3-ab70-ac9d43d90edc	TCGA-W5-AA2O-01A-11	1390435200.0	false	11	released	30.0
TCGA-CHOL	32e9558c-946b-4288-91e1-504e47c308ac	TCGA-W5-AA39	033d982f-4844-4bc9-9cdf-70a37feec495	TCGA-W5-AA39-01Z	f431daab-541f-5f5a-ac9c-f7952c5c1641	'--	'--	'--	'--	'--	'--
TCGA-CHOL	32e9558c-946b-4288-91e1-504e47c308ac	TCGA-W5-AA39	f0e030e3-163e-4a9e-8f48-95ac0dab6029	TCGA-W5-AA39-10A	45e9928f-44b1-4db9-aa8c-a70ddd99f9b3	TCGA-W5-AA39-10A-01	1389571200.0	false	01	released	'--
TCGA-CHOL	32e9558c-946b-4288-91e1-504e47c308ac	TCGA-W5-AA39	f2b5ab58-8c49-4e47-8b06-c4422d5c345a	TCGA-W5-AA39-01A	4b196223-a359-4f08-9ba2-be0e00587e91	TCGA-W5-AA39-01A-21-A45N-20	1406678400.0	false	21	released	'--
TCGA-CHOL	32e9558c-946b-4288-91e1-504e47c308ac	TCGA-W5-AA39	f2b5ab58-8c49-4e47-8b06-c4422d5c345a	TCGA-W5-AA39-01A	b4bd08ab-2523-470c-9268-6692128a6701	TCGA-W5-AA39-01A-11	1390176000.0	false	11	released	30.0
TCGA-CHOL	32e9558c-946b-4288-91e1-504e47c308ac	TCGA-W5-AA39	f2b5ab58-8c49-4e47-8b06-c4422d5c345a	TCGA-W5-AA39-01A	ff168f75-4fcc-4566-9af7-41a83505eed5	TCGA-W5-AA39-01A-21	'--	'--	'--	released	'--
TCGA-CHOL	3824cd6d-c85c-4b21-819a-932d1afef976	TCGA-3X-AAVB	62ca88cc-bd02-48b6-84f9-c2f0b28b0779	TCGA-3X-AAVB-01Z	a46cddb8-b24e-5077-9dd6-7184e953f1c2	'--	'--	'--	'--	'--	'--
TCGA-CHOL	3824cd6d-c85c-4b21-819a-932d1afef976	TCGA-3X-AAVB	6bfa1691-ee61-4458-9ca2-94d349588ce4	TCGA-3X-AAVB-01A	569f62fb-dc61-40a5-8ec4-06386a0bf161	TCGA-3X-AAVB-01A-21-A617-42	1499904000.0	false	21	released	20.0
TCGA-CHOL	3824cd6d-c85c-4b21-819a-932d1afef976	TCGA-3X-AAVB	6bfa1691-ee61-4458-9ca2-94d349588ce4	TCGA-3X-AAVB-01A	bbcb07a2-326f-4553-9d6b-9be1c6a74669	TCGA-3X-AAVB-01A-31	1391644800.0	false	31	released	30.0
TCGA-CHOL	3824cd6d-c85c-4b21-819a-932d1afef976	TCGA-3X-AAVB	6fef7d21-fe19-47a7-a411-4acaa97f157b	TCGA-3X-AAVB-10A	e2bf2ccd-58c5-4093-9a3c-fc6f3df55638	TCGA-3X-AAVB-10A-01	1390867200.0	false	01	released	'--
TCGA-CHOL	7047dc12-e2ed-40b7-86fd-c5c53a2766fd	TCGA-W6-AA0S	5e2ab9cb-f290-4faf-a098-d920f82a966a	TCGA-W6-AA0S-10A	d32934e1-c9ef-43d4-bae0-1bd1377eb216	TCGA-W6-AA0S-10A-01	1393286400.0	false	01	released	2.0
TCGA-CHOL	7047dc12-e2ed-40b7-86fd-c5c53a2766fd	TCGA-W6-AA0S	6146458b-6f54-426f-8dcc-73518eb7a94e	TCGA-W6-AA0S-01Z	d5331520-4a44-50d8-a987-4c5d32955468	'--	'--	'--	'--	'--	'--
TCGA-CHOL	7047dc12-e2ed-40b7-86fd-c5c53a2766fd	TCGA-W6-AA0S	bd707d1d-1407-4c21-be70-835bc88d70f6	TCGA-W6-AA0S-01A	0a0e6076-59b4-431e-820c-2da6a8a79f32	TCGA-W6-AA0S-01A-21	'--	'--	'--	released	'--
TCGA-CHOL	7047dc12-e2ed-40b7-86fd-c5c53a2766fd	TCGA-W6-AA0S	bd707d1d-1407-4c21-be70-835bc88d70f6	TCGA-W6-AA0S-01A	b851aa26-8f41-4e87-972f-5aa647899764	TCGA-W6-AA0S-01A-11	1393200000.0	false	11	released	30.0
TCGA-CHOL	7047dc12-e2ed-40b7-86fd-c5c53a2766fd	TCGA-W6-AA0S	bd707d1d-1407-4c21-be70-835bc88d70f6	TCGA-W6-AA0S-01A	c97ef18d-dc2e-441e-b7cb-ab02a59b702a	TCGA-W6-AA0S-01A-21-A45N-20	1406678400.0	false	21	released	'--
TCGA-CHOL	bec2cf62-44a2-42e5-8e10-440aad69ed77	TCGA-W5-AA2M	319e93ac-350a-46d8-8bed-4424ca02be5e	TCGA-W5-AA2M-01A	6a57229a-8b0e-40bf-9ad4-dad4c40f9331	TCGA-W5-AA2M-01A-11	1390435200.0	false	11	released	30.0
TCGA-CHOL	bec2cf62-44a2-42e5-8e10-440aad69ed77	TCGA-W5-AA2M	75eeb1cd-4e72-4e34-80f8-ac8e30dde411	TCGA-W5-AA2M-10A	739c8df3-b87e-4788-b6c5-f2fc26140436	TCGA-W5-AA2M-10A-01	1389571200.0	false	01	released	'--
TCGA-CHOL	47a9ef9b-04f0-4e8d-bfdb-0846ba30d08b	TCGA-ZH-A8Y2	0dbd5678-f7c0-4611-98d0-126c414e29f6	TCGA-ZH-A8Y2-01A	221331f7-fd8e-41b7-8a09-e507f484e887	TCGA-ZH-A8Y2-01A-11	1387756800.0	false	11	released	30.0
TCGA-CHOL	47a9ef9b-04f0-4e8d-bfdb-0846ba30d08b	TCGA-ZH-A8Y2	0dbd5678-f7c0-4611-98d0-126c414e29f6	TCGA-ZH-A8Y2-01A	469445f1-1f00-4d40-b34e-18c5fb9a86e3	TCGA-ZH-A8Y2-01A-21	'--	'--	'--	released	'--
TCGA-CHOL	47a9ef9b-04f0-4e8d-bfdb-0846ba30d08b	TCGA-ZH-A8Y2	0dbd5678-f7c0-4611-98d0-126c414e29f6	TCGA-ZH-A8Y2-01A	a22caebd-b501-46fb-9dce-bd22261601e5	TCGA-ZH-A8Y2-01A-21-A45N-20	1406678400.0	false	21	released	'--
TCGA-CHOL	47a9ef9b-04f0-4e8d-bfdb-0846ba30d08b	TCGA-ZH-A8Y2	a455d047-5295-4145-a007-a72ad0826aa4	TCGA-ZH-A8Y2-10A	10f48abf-70a2-4b22-8ef3-fc5596974842	TCGA-ZH-A8Y2-10A-01	1386892800.0	false	01	released	'--
TCGA-CHOL	47a9ef9b-04f0-4e8d-bfdb-0846ba30d08b	TCGA-ZH-A8Y2	a6beead6-d874-4132-a038-ef5e00fc8848	TCGA-ZH-A8Y2-01Z	95a19c6d-daf6-5ce8-8a00-34dbd1b32107	'--	'--	'--	'--	'--	'--
TCGA-CHOL	1947a152-6339-4f66-b9a4-0229580f0287	TCGA-ZH-A8Y3	58aee992-591d-4201-8649-d87a41bfff9e	TCGA-ZH-A8Y3-10A	69e9bf47-5287-42d6-8487-e74550e061dd	TCGA-ZH-A8Y3-10A-01	1386892800.0	false	01	released	'--
TCGA-CHOL	1947a152-6339-4f66-b9a4-0229580f0287	TCGA-ZH-A8Y3	9152a39a-b38b-4751-bcb4-846ce8c6c7b2	TCGA-ZH-A8Y3-01Z	77dbca7a-c5ce-5865-ae30-b7186eb71477	'--	'--	'--	'--	'--	'--
TCGA-CHOL	1947a152-6339-4f66-b9a4-0229580f0287	TCGA-ZH-A8Y3	f90ab603-c149-4758-a3fc-6bf762ff4987	TCGA-ZH-A8Y3-01A	68c80220-decd-4537-9cd9-5ed32b7b9e8a	TCGA-ZH-A8Y3-01A-11	1387756800.0	false	11	released	30.0
TCGA-CHOL	6e534dd3-81ac-4575-ab1e-02c21e10916d	TCGA-W5-AA2X	2cf3891d-f4c1-478e-ad40-743cd4821066	TCGA-W5-AA2X-11A	48edd72c-dc6d-4305-b424-3339532314a0	TCGA-W5-AA2X-11A-11	1390262400.0	false	11	released	30.0
TCGA-CHOL	6e534dd3-81ac-4575-ab1e-02c21e10916d	TCGA-W5-AA2X	482c3932-cd71-42c6-a392-ff761a20d7b0	TCGA-W5-AA2X-01Z	a234be56-49fa-5e84-baa8-d9a73184461a	'--	'--	'--	'--	'--	'--
TCGA-CHOL	6e534dd3-81ac-4575-ab1e-02c21e10916d	TCGA-W5-AA2X	ae76953e-d3dd-4780-a58b-e3e7eb230a87	TCGA-W5-AA2X-10A	e8ec14c2-e566-4ae3-a290-1af73c0352dc	TCGA-W5-AA2X-10A-01	1389571200.0	false	01	released	'--
TCGA-CHOL	6e534dd3-81ac-4575-ab1e-02c21e10916d	TCGA-W5-AA2X	ca1d5a74-0687-4d12-abcc-7f21c2e9fbb6	TCGA-W5-AA2X-01A	035952ab-6d4c-49d1-aa88-71a45d8e93e0	TCGA-W5-AA2X-01A-11	1390262400.0	false	11	released	30.0
TCGA-CHOL	6e534dd3-81ac-4575-ab1e-02c21e10916d	TCGA-W5-AA2X	ca1d5a74-0687-4d12-abcc-7f21c2e9fbb6	TCGA-W5-AA2X-01A	8d1e6cea-d755-4076-a2e1-f6f81e7162fb	TCGA-W5-AA2X-01A-21-A45N-20	1406678400.0	false	21	released	'--
TCGA-CHOL	6e534dd3-81ac-4575-ab1e-02c21e10916d	TCGA-W5-AA2X	ca1d5a74-0687-4d12-abcc-7f21c2e9fbb6	TCGA-W5-AA2X-01A	e3d59806-1f26-4397-882f-7d51b6795bb1	TCGA-W5-AA2X-01A-21	'--	'--	'--	released	'--
TCGA-CHOL	adc9a685-5b4a-4c29-881a-da1895c47520	TCGA-W5-AA34	068ece49-d2dc-4e98-a5cc-32ba42f04dad	TCGA-W5-AA34-10A	7f1e4907-21c2-46cf-8c56-1aa3b083502b	TCGA-W5-AA34-10A-01	1389571200.0	false	01	released	'--
TCGA-CHOL	adc9a685-5b4a-4c29-881a-da1895c47520	TCGA-W5-AA34	21de0435-9ebb-4d1f-8579-917469dac41c	TCGA-W5-AA34-11A	d4a26211-b957-4ba4-b4bb-8bbb3b42bdd1	TCGA-W5-AA34-11A-11	1390176000.0	false	11	released	30.0
TCGA-CHOL	adc9a685-5b4a-4c29-881a-da1895c47520	TCGA-W5-AA34	3e5bea84-fede-4764-8922-fb4296feb2fe	TCGA-W5-AA34-01A	607dc467-8db8-424b-bfda-05ac7b83186b	TCGA-W5-AA34-01A-21-A45N-20	1406678400.0	false	21	released	'--
TCGA-CHOL	adc9a685-5b4a-4c29-881a-da1895c47520	TCGA-W5-AA34	3e5bea84-fede-4764-8922-fb4296feb2fe	TCGA-W5-AA34-01A	8960bb7e-5f37-4815-8258-244fd069bdf6	TCGA-W5-AA34-01A-21	'--	'--	'--	released	'--
TCGA-CHOL	adc9a685-5b4a-4c29-881a-da1895c47520	TCGA-W5-AA34	3e5bea84-fede-4764-8922-fb4296feb2fe	TCGA-W5-AA34-01A	f0a97c83-e713-43f7-bf75-1af005205dd9	TCGA-W5-AA34-01A-11	1390176000.0	false	11	released	30.0
TCGA-CHOL	adc9a685-5b4a-4c29-881a-da1895c47520	TCGA-W5-AA34	95f7ceaf-d9f3-4f7c-8ae4-6ae7aa3e6a63	TCGA-W5-AA34-01Z	d9439c13-e0e7-571f-b66f-3b43befb0242	'--	'--	'--	'--	'--	'--
TCGA-CHOL	f47dbd99-920b-4b39-a1b0-6c152ad24884	TCGA-W5-AA2Q	5a5aa04d-1111-4ef6-96ad-6eb2be91a383	TCGA-W5-AA2Q-11A	e54c32af-0603-4262-9fdf-8b4a84eea9d2	TCGA-W5-AA2Q-11A-11	1390435200.0	false	11	released	30.0
TCGA-CHOL	f47dbd99-920b-4b39-a1b0-6c152ad24884	TCGA-W5-AA2Q	9652df1d-041f-4e14-9dfa-c3b89563debb	TCGA-W5-AA2Q-01A	a9ab3ec4-d30a-4d5b-9105-bdda7bedef67	TCGA-W5-AA2Q-01A-11	1390435200.0	false	11	released	30.0
TCGA-CHOL	f47dbd99-920b-4b39-a1b0-6c152ad24884	TCGA-W5-AA2Q	9652df1d-041f-4e14-9dfa-c3b89563debb	TCGA-W5-AA2Q-01A	d86931f8-7166-464c-98bb-0bfa21496cd0	TCGA-W5-AA2Q-01A-21-A45N-20	1406678400.0	false	21	released	'--
TCGA-CHOL	f47dbd99-920b-4b39-a1b0-6c152ad24884	TCGA-W5-AA2Q	9652df1d-041f-4e14-9dfa-c3b89563debb	TCGA-W5-AA2Q-01A	e09e7127-84b5-4b17-9571-411decb3cf03	TCGA-W5-AA2Q-01A-21	'--	'--	'--	released	'--
TCGA-CHOL	f47dbd99-920b-4b39-a1b0-6c152ad24884	TCGA-W5-AA2Q	aea2b6c9-f18a-4736-81d6-d1a146a987ce	TCGA-W5-AA2Q-01Z	9fcd5198-94fb-5940-a763-1011537b7551	'--	'--	'--	'--	'--	'--
TCGA-CHOL	f47dbd99-920b-4b39-a1b0-6c152ad24884	TCGA-W5-AA2Q	e7cf3edf-c7d8-401a-8b3c-768fb2efeb23	TCGA-W5-AA2Q-10A	e6077b4c-e3ae-43e3-92a9-c966b0a1c1ee	TCGA-W5-AA2Q-10A-01	1389571200.0	false	01	released	'--
TCGA-CHOL	f2d42e03-ca8d-4b57-ae39-0cc8f37b1b67	TCGA-W5-AA36	47ec1f16-39e6-468e-91f1-39e8aae94d84	TCGA-W5-AA36-10A	c1166cef-22f2-46e5-8a35-c49b6bf661d2	TCGA-W5-AA36-10A-01	1389571200.0	false	01	released	'--
TCGA-CHOL	f2d42e03-ca8d-4b57-ae39-0cc8f37b1b67	TCGA-W5-AA36	72b1d733-74a9-40da-a2e8-dff5d631c952	TCGA-W5-AA36-01A	4048db58-45e9-43b9-aff2-20b2ac55909e	TCGA-W5-AA36-01A-21	'--	'--	'--	released	'--
TCGA-CHOL	f2d42e03-ca8d-4b57-ae39-0cc8f37b1b67	TCGA-W5-AA36	72b1d733-74a9-40da-a2e8-dff5d631c952	TCGA-W5-AA36-01A	68121f68-4ee4-4acf-b9a4-625b4312fa67	TCGA-W5-AA36-01A-11	1390176000.0	false	11	released	30.0
TCGA-CHOL	f2d42e03-ca8d-4b57-ae39-0cc8f37b1b67	TCGA-W5-AA36	72b1d733-74a9-40da-a2e8-dff5d631c952	TCGA-W5-AA36-01A	75cafa30-1e76-47c9-9ed2-392c23e5e1d7	TCGA-W5-AA36-01A-21-A45N-20	1406678400.0	false	21	released	'--
TCGA-CHOL	f2d42e03-ca8d-4b57-ae39-0cc8f37b1b67	TCGA-W5-AA36	f7d6c999-1da6-4eca-82cb-f9507173f7c5	TCGA-W5-AA36-01Z	85ee6197-f39b-504c-bfc9-82ba97e0dd83	'--	'--	'--	'--	'--	'--
TCGA-CHOL	4290b3b3-94f6-43e4-8309-430dd973ae2d	TCGA-WD-A7RX	591312cd-3e27-408f-b4a3-50518ad26d82	TCGA-WD-A7RX-01Z	e67731d0-b78a-5bba-b11a-d0310793d9ca	'--	'--	'--	'--	'--	'--
TCGA-CHOL	4290b3b3-94f6-43e4-8309-430dd973ae2d	TCGA-WD-A7RX	a324cb55-7cfa-4c21-b5c8-0a11514aaed0	TCGA-WD-A7RX-10A	3059f1b8-9b97-4636-a8cc-34a79e0c88a9	TCGA-WD-A7RX-10A-01	1380240000.0	false	01	released	2.0
TCGA-CHOL	4290b3b3-94f6-43e4-8309-430dd973ae2d	TCGA-WD-A7RX	b20c28ba-41c3-4638-a702-e4a89f58e563	TCGA-WD-A7RX-01A	168f37c1-cdc4-46fe-809c-b775ecebd99c	TCGA-WD-A7RX-01A-21-A45N-20	1406678400.0	false	21	released	'--
TCGA-CHOL	4290b3b3-94f6-43e4-8309-430dd973ae2d	TCGA-WD-A7RX	b20c28ba-41c3-4638-a702-e4a89f58e563	TCGA-WD-A7RX-01A	ad8b9aa6-0f39-4fb5-8330-802c09369362	TCGA-WD-A7RX-01A-12	1380153600.0	false	12	released	30.0
TCGA-CHOL	4290b3b3-94f6-43e4-8309-430dd973ae2d	TCGA-WD-A7RX	b20c28ba-41c3-4638-a702-e4a89f58e563	TCGA-WD-A7RX-01A	cc450541-3c02-4512-8954-5b4305d1744c	TCGA-WD-A7RX-01A-21	'--	'--	'--	released	'--
TCGA-CHOL	4290b3b3-94f6-43e4-8309-430dd973ae2d	TCGA-WD-A7RX	b20c28ba-41c3-4638-a702-e4a89f58e563	TCGA-WD-A7RX-01A	fc9302d5-ab9a-4aa0-a317-4292fe2467d4	TCGA-WD-A7RX-01A-11	1380153600.0	false	11	released	30.0
TCGA-CHOL	cb40327b-f3ac-4f0a-bb17-7db2a281e354	TCGA-W6-AA0T	811b6acd-bc66-4911-a063-abbc65200fea	TCGA-W6-AA0T-01Z	47da18c9-1e07-584a-b6c0-cebde5f2a63d	'--	'--	'--	'--	'--	'--
TCGA-CHOL	cb40327b-f3ac-4f0a-bb17-7db2a281e354	TCGA-W6-AA0T	8daca0bc-f9b2-451a-8679-c44a901aeac2	TCGA-W6-AA0T-10A	a4b08f11-b208-4000-86cf-ccb1f93b9540	TCGA-W6-AA0T-10A-01	1393977600.0	false	01	released	2.0
TCGA-CHOL	cb40327b-f3ac-4f0a-bb17-7db2a281e354	TCGA-W6-AA0T	9c33c820-e30d-4668-a429-f249c584b5d7	TCGA-W6-AA0T-01A	75a6dcbc-ad94-4d7c-bf14-e5cb355b0e91	TCGA-W6-AA0T-01A-11-A617-42	1499904000.0	false	11	released	20.0
TCGA-CHOL	cb40327b-f3ac-4f0a-bb17-7db2a281e354	TCGA-W6-AA0T	9c33c820-e30d-4668-a429-f249c584b5d7	TCGA-W6-AA0T-01A	c0b81400-2a3f-438b-ad57-d1a0d3db86cd	TCGA-W6-AA0T-01A-31	1393545600.0	false	31	released	30.0
TCGA-CHOL	1932bc1e-2a15-4f74-978e-d49c366604a4	TCGA-4G-AAZF	14404181-0fac-476e-afc0-b5c425647a78	TCGA-4G-AAZF-11A	98c5cf95-b403-47fa-90f2-4ed3caa65954	TCGA-4G-AAZF-11A-12	1397606400.0	false	12	released	30.0
TCGA-CHOL	1932bc1e-2a15-4f74-978e-d49c366604a4	TCGA-4G-AAZF	505a3234-f5bc-406b-acba-a65ab51f79a1	TCGA-4G-AAZF-01A	1f5b02d9-4ca6-4551-9c79-6ab20494ef83	TCGA-4G-AAZF-01A-12	1397606400.0	false	12	released	30.0
TCGA-CHOL	3c8ca064-a4a7-416f-a069-4324d4a72038	TCGA-W5-AA2I	0400595a-fd55-42d1-89f4-09c1f2158aa9	TCGA-W5-AA2I-01Z	6ddf0a49-0b1c-56de-bee6-b42c704c5197	'--	'--	'--	'--	'--	'--
TCGA-CHOL	3c8ca064-a4a7-416f-a069-4324d4a72038	TCGA-W5-AA2I	77c70e90-4024-485e-b7a4-1cc493eca376	TCGA-W5-AA2I-10A	7b4c5484-803a-4eda-b933-eb96d01e9494	TCGA-W5-AA2I-10A-01	1389571200.0	false	01	released	'--
TCGA-CHOL	3c8ca064-a4a7-416f-a069-4324d4a72038	TCGA-W5-AA2I	cde3c5fe-efa1-40cb-896b-82534d30986e	TCGA-W5-AA2I-11A	e9bb5cbf-f89d-4e44-ba15-291cfa4920de	TCGA-W5-AA2I-11A-11	1390521600.0	false	11	released	30.0
TCGA-CHOL	3c8ca064-a4a7-416f-a069-4324d4a72038	TCGA-W5-AA2I	f6667bb9-cbf0-4c24-b032-5dcf966f7c37	TCGA-W5-AA2I-01A	1573f8e5-e40b-4b73-b0bf-93b6fc55407d	TCGA-W5-AA2I-01A-41	'--	'--	'--	released	'--
TCGA-CHOL	3c8ca064-a4a7-416f-a069-4324d4a72038	TCGA-W5-AA2I	f6667bb9-cbf0-4c24-b032-5dcf966f7c37	TCGA-W5-AA2I-01A	582a32ba-62f9-44f1-8fc0-44afd6755b76	TCGA-W5-AA2I-01A-32	1390435200.0	false	32	released	30.0
TCGA-CHOL	3c8ca064-a4a7-416f-a069-4324d4a72038	TCGA-W5-AA2I	f6667bb9-cbf0-4c24-b032-5dcf966f7c37	TCGA-W5-AA2I-01A	c5e92850-7441-47db-8512-fe6a49708548	TCGA-W5-AA2I-01A-41-A45N-20	1406678400.0	false	41	released	'--
TCGA-CHOL	91544f6b-90b6-45df-a501-3097fe0c74be	TCGA-ZK-AAYZ	cddf4566-7276-44cd-8e2e-8b06f7b11f31	TCGA-ZK-AAYZ-01A	4f33fe00-848a-41a8-9805-979942b89d85	TCGA-ZK-AAYZ-01A-12	1396569600.0	false	12	released	30.0
TCGA-CHOL	91544f6b-90b6-45df-a501-3097fe0c74be	TCGA-ZK-AAYZ	d917ae5b-1488-4499-b9da-7d8ec8e10e4e	TCGA-ZK-AAYZ-10A	5f8c6205-9113-407c-a5aa-c6b31e338fa5	TCGA-ZK-AAYZ-10A-01	1397001600.0	false	01	released	2.0
TCGA-CHOL	779ce92d-1abd-44fc-9021-eda4d7f08fff	TCGA-YR-A95A	06be9fa4-e55a-49b0-beb9-85fb311f697f	TCGA-YR-A95A-01Z	4d1435b6-071a-5e2e-90ea-7ba04924621a	'--	'--	'--	'--	'--	'--
TCGA-CHOL	779ce92d-1abd-44fc-9021-eda4d7f08fff	TCGA-YR-A95A	3a2cbd04-4677-4b89-9b56-e8514c8fffac	TCGA-YR-A95A-10A	274f2a77-ee89-4c48-8699-82f6d6c8d8b0	TCGA-YR-A95A-10A-01	1389916800.0	false	01	released	2.0
TCGA-CHOL	779ce92d-1abd-44fc-9021-eda4d7f08fff	TCGA-YR-A95A	5f8945f7-0023-45cc-ba81-bbdfdeede58c	TCGA-YR-A95A-01A	01ca76ed-ed8b-4c1a-a830-f72f30c7a0da	TCGA-YR-A95A-01A-12	1389830400.0	false	12	released	10.0
TCGA-CHOL	779ce92d-1abd-44fc-9021-eda4d7f08fff	TCGA-YR-A95A	5f8945f7-0023-45cc-ba81-bbdfdeede58c	TCGA-YR-A95A-01A	3fed7ca9-6d9f-477c-a6a0-2f0d468ab67d	TCGA-YR-A95A-01A-21	'--	'--	'--	released	'--
TCGA-CHOL	779ce92d-1abd-44fc-9021-eda4d7f08fff	TCGA-YR-A95A	5f8945f7-0023-45cc-ba81-bbdfdeede58c	TCGA-YR-A95A-01A	c8b9157d-fdc5-44d4-852d-c231457d467e	TCGA-YR-A95A-01A-21-A45N-20	1406678400.0	false	21	released	'--
TCGA-CHOL	2d6e20b2-82c7-4c12-92d0-93282b0a9031	TCGA-W5-AA31	42aea8f3-1d59-4567-bc60-54fc1e255484	TCGA-W5-AA31-11A	3b918373-c385-4f52-b95a-a7f9bd6db020	TCGA-W5-AA31-11A-11	1390176000.0	false	11	released	30.0
TCGA-CHOL	2d6e20b2-82c7-4c12-92d0-93282b0a9031	TCGA-W5-AA31	561c17e5-6e23-4dda-b4f3-9dccb27fd4ef	TCGA-W5-AA31-01Z	a9f85697-ede4-522a-8aa5-db34b1f471a0	'--	'--	'--	'--	'--	'--
TCGA-CHOL	2d6e20b2-82c7-4c12-92d0-93282b0a9031	TCGA-W5-AA31	a20d18f9-21bc-451f-b84b-302fd90c6f2f	TCGA-W5-AA31-10A	e39f9144-e6dc-4d3f-ac7b-8a4503929107	TCGA-W5-AA31-10A-01	1389571200.0	false	01	released	'--
TCGA-CHOL	2d6e20b2-82c7-4c12-92d0-93282b0a9031	TCGA-W5-AA31	a7919c8d-b6f4-4404-b7c0-9ae43dc73ce7	TCGA-W5-AA31-01A	4d8a1449-67bd-4b03-bc47-29a5ecfd1fdb	TCGA-W5-AA31-01A-21-A45N-20	1406678400.0	false	21	released	'--
TCGA-CHOL	2d6e20b2-82c7-4c12-92d0-93282b0a9031	TCGA-W5-AA31	a7919c8d-b6f4-4404-b7c0-9ae43dc73ce7	TCGA-W5-AA31-01A	73a71f66-1c8f-4b4d-9dc8-dcd143ba901c	TCGA-W5-AA31-01A-21	'--	'--	'--	released	'--
TCGA-CHOL	2d6e20b2-82c7-4c12-92d0-93282b0a9031	TCGA-W5-AA31	a7919c8d-b6f4-4404-b7c0-9ae43dc73ce7	TCGA-W5-AA31-01A	7c09b5c1-d0a4-4813-af47-0761d8f5cd8c	TCGA-W5-AA31-01A-11	1390176000.0	false	11	released	30.0
TCGA-CHOL	e76cf9a0-061e-4a7d-ba28-5a40b8da54b8	TCGA-ZU-A8S4	59d9699b-b51e-4ce8-8a05-37bf1bb461b4	TCGA-ZU-A8S4-10A	841036c2-0dbf-4a07-a2cf-db0c71284cbc	TCGA-ZU-A8S4-10A-01	1389571200.0	false	01	released	2.0
TCGA-CHOL	e76cf9a0-061e-4a7d-ba28-5a40b8da54b8	TCGA-ZU-A8S4	cf7ed674-dd70-4d93-b5e0-4f6451d4d8db	TCGA-ZU-A8S4-01Z	b01b2138-fe66-5aca-8531-c7dcc74cff1a	'--	'--	'--	'--	'--	'--
TCGA-CHOL	e76cf9a0-061e-4a7d-ba28-5a40b8da54b8	TCGA-ZU-A8S4	d6684baf-8c43-46b8-8305-259fa44a9d46	TCGA-ZU-A8S4-01A	35dedd56-1c03-468e-a2a2-6f51abc351f1	TCGA-ZU-A8S4-01A-11	1386892800.0	false	11	released	30.0
TCGA-CHOL	e76cf9a0-061e-4a7d-ba28-5a40b8da54b8	TCGA-ZU-A8S4	e6cf7f37-b510-4bf7-aa8d-bcc400e799a3	TCGA-ZU-A8S4-11A	b95682c4-307b-4596-8d65-13b9f5daa80b	TCGA-ZU-A8S4-11A-11	1386892800.0	false	11	released	30.0
TCGA-CHOL	ff4131c9-537c-46cc-b495-9af60d431f5e	TCGA-3X-AAVC	219266d5-fc4a-4652-90fa-f831ca0cb55b	TCGA-3X-AAVC-01Z	d69e0c85-ecde-5890-9de0-744f7b3c37a3	'--	'--	'--	'--	'--	'--
TCGA-CHOL	ff4131c9-537c-46cc-b495-9af60d431f5e	TCGA-3X-AAVC	ad85b3c6-281a-48b6-a057-cbede73b75fb	TCGA-3X-AAVC-01A	041609c3-1cc7-4aa8-820b-99ef6e23f934	TCGA-3X-AAVC-01A-21	1391385600.0	false	21	released	30.0
TCGA-CHOL	ff4131c9-537c-46cc-b495-9af60d431f5e	TCGA-3X-AAVC	ad85b3c6-281a-48b6-a057-cbede73b75fb	TCGA-3X-AAVC-01A	d423c8e5-02c2-445a-ba13-c74c0012e2b4	TCGA-3X-AAVC-01A-31-A45N-20	1406678400.0	false	31	released	'--
TCGA-CHOL	ff4131c9-537c-46cc-b495-9af60d431f5e	TCGA-3X-AAVC	ad85b3c6-281a-48b6-a057-cbede73b75fb	TCGA-3X-AAVC-01A	d4b171df-f755-4e96-8e44-985254247cde	TCGA-3X-AAVC-01A-31	'--	'--	'--	released	'--
TCGA-CHOL	ff4131c9-537c-46cc-b495-9af60d431f5e	TCGA-3X-AAVC	d1963b41-3a2a-4dcd-9f12-d141b2e9beec	TCGA-3X-AAVC-10A	e254ab32-67d4-4c6d-a472-5bf33dba5038	TCGA-3X-AAVC-10A-01	1390867200.0	false	01	released	'--
TCGA-CHOL	20bf79af-3b0f-477d-b619-5597d42f5d5e	TCGA-W5-AA2R	3f83502d-82cd-4217-bbd8-938bdb31095d	TCGA-W5-AA2R-11A	00154445-500c-4c2b-9de1-989507fd5061	TCGA-W5-AA2R-11A-11	1390176000.0	false	11	released	30.0
TCGA-CHOL	20bf79af-3b0f-477d-b619-5597d42f5d5e	TCGA-W5-AA2R	6902d3be-19e7-4cf6-b489-ebba8be2d93e	TCGA-W5-AA2R-01Z	f9cb3449-102b-5e0b-873a-296aa3265757	'--	'--	'--	'--	'--	'--
TCGA-CHOL	20bf79af-3b0f-477d-b619-5597d42f5d5e	TCGA-W5-AA2R	7667eeb5-c976-493c-8cbf-d1cdce24114d	TCGA-W5-AA2R-10A	c1615dbe-1e18-4e8d-9203-941a4ed39280	TCGA-W5-AA2R-10A-01	1389571200.0	false	01	released	'--
TCGA-CHOL	20bf79af-3b0f-477d-b619-5597d42f5d5e	TCGA-W5-AA2R	7a195a13-d4bb-417f-ae78-30cbd8039aac	TCGA-W5-AA2R-01A	629ca5b5-9200-4d1a-bcad-b2e20c438580	TCGA-W5-AA2R-01A-11	1390176000.0	false	11	released	30.0
TCGA-CHOL	20bf79af-3b0f-477d-b619-5597d42f5d5e	TCGA-W5-AA2R	7a195a13-d4bb-417f-ae78-30cbd8039aac	TCGA-W5-AA2R-01A	db135c44-a408-4fc1-a1d7-2bf697acd325	TCGA-W5-AA2R-01A-21	'--	'--	'--	released	'--
TCGA-CHOL	20bf79af-3b0f-477d-b619-5597d42f5d5e	TCGA-W5-AA2R	7a195a13-d4bb-417f-ae78-30cbd8039aac	TCGA-W5-AA2R-01A	f6aef1b0-c13b-4b98-b36f-88a5c6ae06f1	TCGA-W5-AA2R-01A-21-A45N-20	1406678400.0	false	21	released	'--
TCGA-CHOL	20ec1cd9-7bdb-4eb9-9d20-65795580f1f5	TCGA-W5-AA2Z	17160d8c-f353-4c89-8a1a-c07fcdff8903	TCGA-W5-AA2Z-01A	165a72ac-663b-4748-b047-c1e46ccb41ff	TCGA-W5-AA2Z-01A-21-A45N-20	1406678400.0	false	21	released	'--
TCGA-CHOL	20ec1cd9-7bdb-4eb9-9d20-65795580f1f5	TCGA-W5-AA2Z	17160d8c-f353-4c89-8a1a-c07fcdff8903	TCGA-W5-AA2Z-01A	3ee2685a-676c-4196-9107-a91b2e4f9b1a	TCGA-W5-AA2Z-01A-21	'--	'--	'--	released	'--
TCGA-CHOL	20ec1cd9-7bdb-4eb9-9d20-65795580f1f5	TCGA-W5-AA2Z	17160d8c-f353-4c89-8a1a-c07fcdff8903	TCGA-W5-AA2Z-01A	8f37d4aa-87e7-4072-afb1-a52ba4aba39b	TCGA-W5-AA2Z-01A-11	1390262400.0	false	11	released	30.0
TCGA-CHOL	20ec1cd9-7bdb-4eb9-9d20-65795580f1f5	TCGA-W5-AA2Z	5aa97a8a-5f54-4cf8-b0a7-2bcf66655f01	TCGA-W5-AA2Z-11A	9a34cd19-5619-4b91-a688-f95cacee7d94	TCGA-W5-AA2Z-11A-11	1390262400.0	false	11	released	30.0
TCGA-CHOL	20ec1cd9-7bdb-4eb9-9d20-65795580f1f5	TCGA-W5-AA2Z	f7902358-c99e-4276-b2b9-9891d83d9c87	TCGA-W5-AA2Z-01Z	179b5e00-22b9-5b66-9702-6eff092d855e	'--	'--	'--	'--	'--	'--
TCGA-CHOL	15850852-5979-419d-ae38-76ffd0e9d7e8	TCGA-W7-A93O	11f688c9-7cff-4a7f-a495-6396f80256b3	TCGA-W7-A93O-01A	9c0c2596-9614-444a-a29b-b8e5eaabf818	TCGA-W7-A93O-01A-31	1389052800.0	false	31	released	30.0
TCGA-CHOL	15850852-5979-419d-ae38-76ffd0e9d7e8	TCGA-W7-A93O	d3af1e52-e135-4b95-a32c-c20d796c3e0c	TCGA-W7-A93O-11A	c8acd7aa-a831-40d2-aa02-bfa88e940440	TCGA-W7-A93O-11A-11	1389052800.0	false	11	released	30.0
TCGA-CHOL	41b97b11-acaa-4fbc-b3b0-0abc1bcac13b	TCGA-3X-AAV9	04a84221-8e3d-4c06-b4f1-89b1bd66581b	TCGA-3X-AAV9-01Z	cfd3f333-c41e-5fc4-91ca-ae477f5af4bb	'--	'--	'--	'--	'--	'--
TCGA-CHOL	41b97b11-acaa-4fbc-b3b0-0abc1bcac13b	TCGA-3X-AAV9	8768721d-f45f-4dbf-9f7c-123eb51854bc	TCGA-3X-AAV9-10A	1085cbeb-1482-49e2-aa6a-71e9374ccaa1	TCGA-3X-AAV9-10A-01	1390867200.0	false	01	released	'--
TCGA-CHOL	41b97b11-acaa-4fbc-b3b0-0abc1bcac13b	TCGA-3X-AAV9	c9df109c-cc7a-41cf-a034-b217d7e7674f	TCGA-3X-AAV9-01A	9556526a-18eb-47c4-b451-7c4ecda8f440	TCGA-3X-AAV9-01A-71	1393891200.0	false	71	released	30.0
TCGA-CHOL	41b97b11-acaa-4fbc-b3b0-0abc1bcac13b	TCGA-3X-AAV9	c9df109c-cc7a-41cf-a034-b217d7e7674f	TCGA-3X-AAV9-01A	aeb48f2c-59ed-45b1-bc10-1875590e7c47	TCGA-3X-AAV9-01A-81-A45N-20	1406678400.0	false	81	released	'--
TCGA-CHOL	41b97b11-acaa-4fbc-b3b0-0abc1bcac13b	TCGA-3X-AAV9	c9df109c-cc7a-41cf-a034-b217d7e7674f	TCGA-3X-AAV9-01A	d20bbdbd-afbd-4788-bb10-84ae60d5ea52	TCGA-3X-AAV9-01A-81	'--	'--	'--	released	'--
TCGA-CHOL	41b97b11-acaa-4fbc-b3b0-0abc1bcac13b	TCGA-3X-AAV9	c9df109c-cc7a-41cf-a034-b217d7e7674f	TCGA-3X-AAV9-01A	dad7dc19-66a2-4532-a4a0-7a4576bc0d13	TCGA-3X-AAV9-01A-72	1393891200.0	false	72	released	30.0
TCGA-CHOL	3f7e0cbf-e48c-410a-9138-be9b373fef73	TCGA-W5-AA2J	29443642-2868-4fb8-bfae-387a20b8f491	TCGA-W5-AA2J-10A	0eedfb31-66e0-478a-bbe2-a8348d1b6b28	TCGA-W5-AA2J-10A-01	1389571200.0	false	01	released	'--
TCGA-CHOL	3f7e0cbf-e48c-410a-9138-be9b373fef73	TCGA-W5-AA2J	dae39f08-74c6-4d03-a7e4-b1657758576f	TCGA-W5-AA2J-01A	32b7e71f-ca2b-4da0-aa86-02b7fa129cf5	TCGA-W5-AA2J-01A-31	1390521600.0	false	31	released	30.0
TCGA-CHOL	5166d82f-7b22-4101-bea9-6056e5a74c48	TCGA-ZH-A8Y6	1a2e493e-a16c-4a05-b319-4fb80b4563d5	TCGA-ZH-A8Y6-10A	638a00eb-ea15-4f81-84ed-392784348389	TCGA-ZH-A8Y6-10A-01	1386892800.0	false	01	released	'--
TCGA-CHOL	5166d82f-7b22-4101-bea9-6056e5a74c48	TCGA-ZH-A8Y6	5941da1b-5752-4cd9-bb93-8c0049e56907	TCGA-ZH-A8Y6-01Z	2aaede55-5da9-5f56-b1b7-434fb8d12d5b	'--	'--	'--	'--	'--	'--
TCGA-CHOL	5166d82f-7b22-4101-bea9-6056e5a74c48	TCGA-ZH-A8Y6	c7440d32-f1f1-41d6-9863-ba25cc622495	TCGA-ZH-A8Y6-01A	2c4da766-7c0e-4da1-87e4-b806bf7fc990	TCGA-ZH-A8Y6-01A-21	'--	'--	'--	released	'--
TCGA-CHOL	5166d82f-7b22-4101-bea9-6056e5a74c48	TCGA-ZH-A8Y6	c7440d32-f1f1-41d6-9863-ba25cc622495	TCGA-ZH-A8Y6-01A	376510ba-da10-4b45-abfc-68ab37ab8408	TCGA-ZH-A8Y6-01A-21-A45N-20	1406678400.0	false	21	released	'--
TCGA-CHOL	5166d82f-7b22-4101-bea9-6056e5a74c48	TCGA-ZH-A8Y6	c7440d32-f1f1-41d6-9863-ba25cc622495	TCGA-ZH-A8Y6-01A	92dbd39a-8356-4b3b-909d-7b84520487eb	TCGA-ZH-A8Y6-01A-11	1387756800.0	false	11	released	30.0
TCGA-CHOL	5cf3911a-f3ea-4c0e-851d-5bb57ca7190f	TCGA-ZH-A8Y8	88a0636c-ac6c-4df5-ae0f-dc80553d4d2a	TCGA-ZH-A8Y8-01Z	e738ee8d-2378-5f82-a363-86179b2c4d18	'--	'--	'--	'--	'--	'--
TCGA-CHOL	5cf3911a-f3ea-4c0e-851d-5bb57ca7190f	TCGA-ZH-A8Y8	cba708c0-9ba6-47ea-b61e-aa2ef6319cca	TCGA-ZH-A8Y8-10A	20efb8c0-2288-4d3a-8549-1c3af16a7516	TCGA-ZH-A8Y8-10A-01	1386892800.0	false	01	released	'--
TCGA-CHOL	5cf3911a-f3ea-4c0e-851d-5bb57ca7190f	TCGA-ZH-A8Y8	f641043f-e789-4205-b5f7-ece67af60025	TCGA-ZH-A8Y8-01A	2fe6b28f-6dc8-45c3-aac0-c83c46eda9f0	TCGA-ZH-A8Y8-01A-41-A45N-20	1406678400.0	false	41	released	'--
TCGA-CHOL	5cf3911a-f3ea-4c0e-851d-5bb57ca7190f	TCGA-ZH-A8Y8	f641043f-e789-4205-b5f7-ece67af60025	TCGA-ZH-A8Y8-01A	68fdd38e-8e62-4045-9414-497b10a94474	TCGA-ZH-A8Y8-01A-41	'--	'--	'--	released	'--
TCGA-CHOL	5cf3911a-f3ea-4c0e-851d-5bb57ca7190f	TCGA-ZH-A8Y8	f641043f-e789-4205-b5f7-ece67af60025	TCGA-ZH-A8Y8-01A	d0258295-3282-4671-826a-0628c383a0dc	TCGA-ZH-A8Y8-01A-51	1389916800.0	false	51	released	30.0
TCGA-CHOL	dcc87c59-fd8c-4511-9983-96d5b9784cb0	TCGA-3X-AAVE	4a5bd222-0652-4e8f-a297-77095e15377c	TCGA-3X-AAVE-10A	ffe96e14-5ce7-4d28-bb55-c692fc568cdd	TCGA-3X-AAVE-10A-01	1390867200.0	false	01	released	'--
TCGA-CHOL	dcc87c59-fd8c-4511-9983-96d5b9784cb0	TCGA-3X-AAVE	671231f4-907d-44aa-af24-b8e5e440ba26	TCGA-3X-AAVE-01A	42226b6c-8bab-40f4-950a-4a5a726cf1c2	TCGA-3X-AAVE-01A-11	1391558400.0	false	11	released	30.0
TCGA-CHOL	dcc87c59-fd8c-4511-9983-96d5b9784cb0	TCGA-3X-AAVE	a282b5f5-6316-4690-a991-7218a70d6f39	TCGA-3X-AAVE-01Z	08f7229e-ec67-5695-a0a5-08c29e6155c2	'--	'--	'--	'--	'--	'--
TCGA-CHOL	aaacf22c-2362-4613-b024-88fb7dd1cca1	TCGA-W5-AA2U	2ddcf39c-a57e-4d32-bfae-b3bb9ae65e22	TCGA-W5-AA2U-10A	92619302-81dd-4094-a960-96aad4fb9b29	TCGA-W5-AA2U-10A-01	1389571200.0	false	01	released	'--
TCGA-CHOL	aaacf22c-2362-4613-b024-88fb7dd1cca1	TCGA-W5-AA2U	32650cfb-0f1a-4ffe-b03c-cad9b6825aa5	TCGA-W5-AA2U-01Z	4ce68723-e073-5d34-8acf-edbc912d3b5c	'--	'--	'--	'--	'--	'--
TCGA-CHOL	aaacf22c-2362-4613-b024-88fb7dd1cca1	TCGA-W5-AA2U	97aad42e-953b-4cc1-9bbc-3c1f8af662bd	TCGA-W5-AA2U-11A	3edd4f3d-5d3b-4712-a90e-fdfc6f1aa62f	TCGA-W5-AA2U-11A-11	1390176000.0	false	11	released	30.0
TCGA-CHOL	aaacf22c-2362-4613-b024-88fb7dd1cca1	TCGA-W5-AA2U	fc94b207-8fbe-4267-9b40-b66ad66c565e	TCGA-W5-AA2U-01A	2c55fa24-21fd-4b4a-9703-9ff914c7276c	TCGA-W5-AA2U-01A-21-A45N-20	1406678400.0	false	21	released	'--
TCGA-CHOL	aaacf22c-2362-4613-b024-88fb7dd1cca1	TCGA-W5-AA2U	fc94b207-8fbe-4267-9b40-b66ad66c565e	TCGA-W5-AA2U-01A	641c4e93-3d08-48fd-b171-c7d24993ed44	TCGA-W5-AA2U-01A-11	1390176000.0	false	11	released	30.0
TCGA-CHOL	aaacf22c-2362-4613-b024-88fb7dd1cca1	TCGA-W5-AA2U	fc94b207-8fbe-4267-9b40-b66ad66c565e	TCGA-W5-AA2U-01A	c4e810ba-196b-4e9c-9340-d3fe1d191860	TCGA-W5-AA2U-01A-21	'--	'--	'--	released	'--
TCGA-CHOL	b16e9c3f-c7df-46c2-bee3-ecaebbab025f	TCGA-ZH-A8Y1	0889104b-8289-44cc-b500-eaf303f859ac	TCGA-ZH-A8Y1-01A	1d74bebf-3581-4383-8009-ec2a10b36fe2	TCGA-ZH-A8Y1-01A-21-A45N-20	1406678400.0	false	21	released	'--
TCGA-CHOL	b16e9c3f-c7df-46c2-bee3-ecaebbab025f	TCGA-ZH-A8Y1	0889104b-8289-44cc-b500-eaf303f859ac	TCGA-ZH-A8Y1-01A	9eebe807-c041-4807-9362-1a9c09f62b35	TCGA-ZH-A8Y1-01A-11	1387756800.0	false	11	released	30.0
TCGA-CHOL	b16e9c3f-c7df-46c2-bee3-ecaebbab025f	TCGA-ZH-A8Y1	0889104b-8289-44cc-b500-eaf303f859ac	TCGA-ZH-A8Y1-01A	f0860645-9d7a-4f98-bbd5-28ca6c6e676c	TCGA-ZH-A8Y1-01A-21	'--	'--	'--	released	'--
TCGA-CHOL	b16e9c3f-c7df-46c2-bee3-ecaebbab025f	TCGA-ZH-A8Y1	3f6591f9-94fc-4877-b351-ea31751be217	TCGA-ZH-A8Y1-01Z	de314ac5-04e5-5642-af21-791d4933bb78	'--	'--	'--	'--	'--	'--
TCGA-CHOL	b16e9c3f-c7df-46c2-bee3-ecaebbab025f	TCGA-ZH-A8Y1	5cd52c8b-0f13-4987-9a57-25d34c97b49f	TCGA-ZH-A8Y1-10A	ed3aa85e-476a-4969-b00e-e6f15f41e027	TCGA-ZH-A8Y1-10A-01	1386892800.0	false	01	released	'--
TCGA-CHOL	bc15cec4-1f82-47fe-ae69-3853194fab7e	TCGA-W5-AA2H	41f648bb-b4cf-4e26-9342-a8f22529076d	TCGA-W5-AA2H-01A	2b288c32-7940-46d8-8c34-7899975db38e	TCGA-W5-AA2H-01A-31	1390435200.0	false	31	released	30.0
TCGA-CHOL	bc15cec4-1f82-47fe-ae69-3853194fab7e	TCGA-W5-AA2H	41f648bb-b4cf-4e26-9342-a8f22529076d	TCGA-W5-AA2H-01A	a613d9da-9571-4790-8ac5-d7f61a92bca4	TCGA-W5-AA2H-01A-21	'--	'--	'--	released	'--
TCGA-CHOL	bc15cec4-1f82-47fe-ae69-3853194fab7e	TCGA-W5-AA2H	41f648bb-b4cf-4e26-9342-a8f22529076d	TCGA-W5-AA2H-01A	b2998b9e-3f52-416c-80a2-87b1a3b0860d	TCGA-W5-AA2H-01A-21-A45N-20	1406678400.0	false	21	released	'--
TCGA-CHOL	bc15cec4-1f82-47fe-ae69-3853194fab7e	TCGA-W5-AA2H	5ec32af6-229d-4b0c-a5ba-53bcd87af185	TCGA-W5-AA2H-10A	40087ad9-b8a6-4789-b000-aa86f53654bc	TCGA-W5-AA2H-10A-01	1389571200.0	false	01	released	'--
TCGA-CHOL	bc15cec4-1f82-47fe-ae69-3853194fab7e	TCGA-W5-AA2H	8f9c3c17-e521-4f61-b161-479f1a52ba18	TCGA-W5-AA2H-01Z	34553b76-f494-55c3-bdbc-aefb77aff116	'--	'--	'--	'--	'--	'--
TCGA-CHOL	c60eb7be-c85c-4338-a20b-51948d43bf2a	TCGA-4G-AAZG	5109b687-d275-49e1-9a64-9fe4f383385f	TCGA-4G-AAZG-01A	957131a8-f2af-4fc2-879a-d02fcfbbfb50	TCGA-4G-AAZG-01A-11	1397606400.0	false	11	released	30.0
TCGA-CHOL	c60eb7be-c85c-4338-a20b-51948d43bf2a	TCGA-4G-AAZG	9ec2ccf5-8868-4a93-8375-773fe0f0b1c5	TCGA-4G-AAZG-10A	df58ce30-2661-4713-b45e-93e2e5b71a0f	TCGA-4G-AAZG-10A-01	1399334400.0	false	01	released	2.0
TCGA-CHOL	5fb3affa-3661-48e8-a1cc-b533c862e8c5	TCGA-W5-AA33	0cd120e6-d17e-4d43-934e-f0fb74a00319	TCGA-W5-AA33-10A	69ff1838-c713-4ce2-abe3-972fe0cc4cf1	TCGA-W5-AA33-10A-01	1389571200.0	false	01	released	'--
TCGA-CHOL	5fb3affa-3661-48e8-a1cc-b533c862e8c5	TCGA-W5-AA33	3a618e92-fadd-4086-a3ce-2f55eea0b9f0	TCGA-W5-AA33-01Z	a884cdb4-4592-55bc-9d21-66ef15d3a51f	'--	'--	'--	'--	'--	'--
TCGA-CHOL	5fb3affa-3661-48e8-a1cc-b533c862e8c5	TCGA-W5-AA33	e235e45d-9cbe-4c11-8f49-38aa743763d2	TCGA-W5-AA33-01A	594edce6-203b-41fc-a7cd-a3fdc4f9539b	TCGA-W5-AA33-01A-21	'--	'--	'--	released	'--
TCGA-CHOL	5fb3affa-3661-48e8-a1cc-b533c862e8c5	TCGA-W5-AA33	e235e45d-9cbe-4c11-8f49-38aa743763d2	TCGA-W5-AA33-01A	b5d126fd-6373-4859-a8a2-959df66aad29	TCGA-W5-AA33-01A-21-A45N-20	1406678400.0	false	21	released	'--
TCGA-CHOL	5fb3affa-3661-48e8-a1cc-b533c862e8c5	TCGA-W5-AA33	e235e45d-9cbe-4c11-8f49-38aa743763d2	TCGA-W5-AA33-01A	ce8e04d9-d448-4928-8c22-063de60fdfd5	TCGA-W5-AA33-01A-11	1390176000.0	false	11	released	30.0
TCGA-CHOL	5fb3affa-3661-48e8-a1cc-b533c862e8c5	TCGA-W5-AA33	f64ef549-8423-4818-8826-25bd5d01795d	TCGA-W5-AA33-11A	bf6a5d25-5f60-492b-9fa2-8b9a4bd81cab	TCGA-W5-AA33-11A-11	1390176000.0	false	11	released	30.0
TCGA-CHOL	0775583e-c0a0-4f18-9ca2-8f89cedce3d6	TCGA-4G-AAZO	16b15ab7-4451-4a40-bd57-083d13eec7c7	TCGA-4G-AAZO-01Z	77b7f6f7-24e3-5a96-889e-790c08091a02	'--	'--	'--	'--	'--	'--
TCGA-CHOL	0775583e-c0a0-4f18-9ca2-8f89cedce3d6	TCGA-4G-AAZO	e570797a-11f8-4630-9b2f-806f5b61c0f5	TCGA-4G-AAZO-01A	35c2502b-7821-493e-a53e-994d6eabf71e	TCGA-4G-AAZO-01A-12	1397606400.0	false	12	released	30.0
TCGA-CHOL	0775583e-c0a0-4f18-9ca2-8f89cedce3d6	TCGA-4G-AAZO	f3a472a2-46b6-47be-a4a8-b208a7ba066a	TCGA-4G-AAZO-11A	686b1202-bcb2-4796-9992-87e6d7b6f4d9	TCGA-4G-AAZO-11A-11	1397606400.0	false	11	released	30.0
TCGA-CHOL	ccb028ae-777c-4af6-b92e-40848f1cf774	TCGA-ZD-A8I3	2b366684-75dc-4484-8ccd-7e8032e44cec	TCGA-ZD-A8I3-10A	965e4cd5-aed4-455a-a43a-31eb659d63b1	TCGA-ZD-A8I3-10A-01	1388361600.0	false	01	released	2.0
TCGA-CHOL	ccb028ae-777c-4af6-b92e-40848f1cf774	TCGA-ZD-A8I3	d6e08bc1-de45-48fe-aa47-d12b9c8f62e0	TCGA-ZD-A8I3-01Z	69df8122-8989-5177-9d5e-07db8da8f9a1	'--	'--	'--	'--	'--	'--
TCGA-CHOL	ccb028ae-777c-4af6-b92e-40848f1cf774	TCGA-ZD-A8I3	d711760d-902d-45c1-83c6-b6671a8627aa	TCGA-ZD-A8I3-01A	04adb573-1dda-445e-ba21-bad494fd7c8c	TCGA-ZD-A8I3-01A-21	'--	'--	'--	released	'--
TCGA-CHOL	ccb028ae-777c-4af6-b92e-40848f1cf774	TCGA-ZD-A8I3	d711760d-902d-45c1-83c6-b6671a8627aa	TCGA-ZD-A8I3-01A	8a97551b-320e-4274-ab63-9bd2043926e1	TCGA-ZD-A8I3-01A-11	1385078400.0	false	11	released	30.0
TCGA-CHOL	ccb028ae-777c-4af6-b92e-40848f1cf774	TCGA-ZD-A8I3	d711760d-902d-45c1-83c6-b6671a8627aa	TCGA-ZD-A8I3-01A	cf371f36-d0c6-4371-9525-e0c0ebadf201	TCGA-ZD-A8I3-01A-21-A45N-20	1406678400.0	false	21	released	'--
TCGA-CHOL	7f08f522-08ff-4b30-aa5b-e69cf15041c9	TCGA-5A-A8ZF	36ab1390-3435-4887-ace8-9abee0aa19d6	TCGA-5A-A8ZF-01A	b3bef327-01b8-4be3-9fe5-fd07477ec32d	TCGA-5A-A8ZF-01A-12	1387411200.0	false	12	released	30.0
TCGA-CHOL	7f08f522-08ff-4b30-aa5b-e69cf15041c9	TCGA-5A-A8ZF	be1def9f-f4ef-4934-bc95-cb889e7f6863	TCGA-5A-A8ZF-10A	b31e4b91-9173-4f29-b202-a2f546b23a1b	TCGA-5A-A8ZF-10A-01	1389744000.0	false	01	released	2.0
TCGA-CHOL	9d9109f5-5917-4126-8e34-8a7e4632e913	TCGA-ZH-A8Y5	c333b64d-64b7-448f-a786-ee7b82b84b06	TCGA-ZH-A8Y5-01A	2c9a8381-93b9-441f-b8dd-efa6b50812fd	TCGA-ZH-A8Y5-01A-31-A617-42	1499817600.0	false	31	released	20.0
TCGA-CHOL	9d9109f5-5917-4126-8e34-8a7e4632e913	TCGA-ZH-A8Y5	c333b64d-64b7-448f-a786-ee7b82b84b06	TCGA-ZH-A8Y5-01A	3945ce41-d0ed-4b25-9462-128de183a315	TCGA-ZH-A8Y5-01A-11	1387756800.0	false	11	released	30.0
TCGA-CHOL	9d9109f5-5917-4126-8e34-8a7e4632e913	TCGA-ZH-A8Y5	c333b64d-64b7-448f-a786-ee7b82b84b06	TCGA-ZH-A8Y5-01A	eae08c09-848e-4ec5-bc01-b22f80e82b80	TCGA-ZH-A8Y5-01A-21-A45N-20	1406678400.0	false	21	released	'--
TCGA-CHOL	9d9109f5-5917-4126-8e34-8a7e4632e913	TCGA-ZH-A8Y5	c333b64d-64b7-448f-a786-ee7b82b84b06	TCGA-ZH-A8Y5-01A	f190a5ce-7657-4f47-9ca8-05591e3e145c	TCGA-ZH-A8Y5-01A-21	'--	'--	'--	released	'--
TCGA-CHOL	9d9109f5-5917-4126-8e34-8a7e4632e913	TCGA-ZH-A8Y5	d2653ee1-05c2-49c3-83bf-5b511933012a	TCGA-ZH-A8Y5-01Z	ea0ff8a0-f3de-5087-86ac-af525a8bc1df	'--	'--	'--	'--	'--	'--
TCGA-CHOL	9d9109f5-5917-4126-8e34-8a7e4632e913	TCGA-ZH-A8Y5	e73fd1ac-2d37-4ad3-b036-0f043a421608	TCGA-ZH-A8Y5-10A	eb959b1c-60b0-4ba4-8101-d3ae714d18d9	TCGA-ZH-A8Y5-10A-01	1386892800.0	false	01	released	'--
TCGA-CHOL	8944fe2a-e32f-4898-a2c5-fb6751f602a4	TCGA-W5-AA2T	10166f6c-cd29-47ea-ab22-6f2b7b10ab60	TCGA-W5-AA2T-10A	54025aea-9d5e-416a-823b-fd76e9be19eb	TCGA-W5-AA2T-10A-01	1389571200.0	false	01	released	'--
TCGA-CHOL	8944fe2a-e32f-4898-a2c5-fb6751f602a4	TCGA-W5-AA2T	239a9937-50ba-4c07-9046-224b48c2e7df	TCGA-W5-AA2T-01A	ab85a6bd-f199-49f9-8ef9-61111a7c6bed	TCGA-W5-AA2T-01A-12	1390176000.0	false	12	released	30.0
TCGA-CHOL	8944fe2a-e32f-4898-a2c5-fb6751f602a4	TCGA-W5-AA2T	7fd537f7-2ad6-4936-8b2b-f7cfa1e3e94b	TCGA-W5-AA2T-01Z	4086e42f-7e9d-5e2f-b886-b83de6cf34c5	'--	'--	'--	'--	'--	'--
TCGA-CHOL	8944fe2a-e32f-4898-a2c5-fb6751f602a4	TCGA-W5-AA2T	c6199310-ca05-4544-b3ea-de426848838a	TCGA-W5-AA2T-11A	0d01038c-c74a-4e9f-8bb8-8ac826d2666d	TCGA-W5-AA2T-11A-11	1390176000.0	false	11	released	30.0
TCGA-CHOL	fe57b639-db7a-460f-adfe-552f1e034e46	TCGA-3X-AAVA	10ad01b6-09b1-4806-ad6b-6c015b26fa75	TCGA-3X-AAVA-01A	39dcfad0-1750-4418-9643-b5f2ead9632a	TCGA-3X-AAVA-01A-31-A617-42	1499817600.0	false	31	released	20.0
TCGA-CHOL	fe57b639-db7a-460f-adfe-552f1e034e46	TCGA-3X-AAVA	10ad01b6-09b1-4806-ad6b-6c015b26fa75	TCGA-3X-AAVA-01A	51164357-1d61-4499-82ed-169a9da8a4c0	TCGA-3X-AAVA-01A-21-A45N-20	1406678400.0	false	21	released	'--
TCGA-CHOL	fe57b639-db7a-460f-adfe-552f1e034e46	TCGA-3X-AAVA	10ad01b6-09b1-4806-ad6b-6c015b26fa75	TCGA-3X-AAVA-01A	8ba952e5-b920-453e-ad04-17b1653e4f9a	TCGA-3X-AAVA-01A-11	1391385600.0	false	11	released	30.0
TCGA-CHOL	fe57b639-db7a-460f-adfe-552f1e034e46	TCGA-3X-AAVA	10ad01b6-09b1-4806-ad6b-6c015b26fa75	TCGA-3X-AAVA-01A	cf430933-a81a-4f9d-aaad-7eb4c726f528	TCGA-3X-AAVA-01A-21	'--	'--	'--	released	'--
TCGA-CHOL	fe57b639-db7a-460f-adfe-552f1e034e46	TCGA-3X-AAVA	66bff15e-a9f7-4dd2-8f5d-0565d3dde1ee	TCGA-3X-AAVA-01Z	5e10373e-221f-5434-b733-455936f1f9ab	'--	'--	'--	'--	'--	'--
TCGA-CHOL	fe57b639-db7a-460f-adfe-552f1e034e46	TCGA-3X-AAVA	b4ec38e1-df29-4646-9521-9d3d2bce173c	TCGA-3X-AAVA-10A	5154ff6b-617b-4f87-8782-6ae6fe57cc41	TCGA-3X-AAVA-10A-01	1390867200.0	false	01	released	'--
TCGA-CHOL	c8e57f03-ac69-49bb-954b-4c40fe371f75	TCGA-5A-A8ZG	0e19527e-9f04-4bd7-8e86-aa33ea13309b	TCGA-5A-A8ZG-10A	34d91246-9a09-4380-8072-ef080d11ab70	TCGA-5A-A8ZG-10A-01	1389916800.0	false	01	released	2.0
TCGA-CHOL	c8e57f03-ac69-49bb-954b-4c40fe371f75	TCGA-5A-A8ZG	d1e05ffb-3319-4ce3-8f47-5de7f2ec5dd6	TCGA-5A-A8ZG-01A	8f610b99-3cf4-4041-909a-746f87b9e8aa	TCGA-5A-A8ZG-01A-11	1387411200.0	false	11	released	30.0
TCGA-CHOL	57500d4c-4bb3-4f32-ae3a-a0b78f18c526	TCGA-4G-AAZR	377fa557-9b31-4ada-b3d2-c7c2ab8150aa	TCGA-4G-AAZR-11A	8824d473-984d-4533-a61f-b12a8788e515	TCGA-4G-AAZR-11A-11	1397606400.0	false	11	released	30.0
TCGA-CHOL	57500d4c-4bb3-4f32-ae3a-a0b78f18c526	TCGA-4G-AAZR	8085c2eb-4374-4750-929b-730347e0ea53	TCGA-4G-AAZR-01A	13690e65-e51a-42fc-ae25-55f7db7b197e	TCGA-4G-AAZR-01A-11	1397606400.0	false	11	released	30.0
TCGA-CHOL	48d17b17-348c-405a-ae92-f190372a3aac	TCGA-W5-AA38	3142e952-b78a-4e63-8537-de8771d78006	TCGA-W5-AA38-01A	70ff0945-d834-4d54-9d59-bb2e9eb1e589	TCGA-W5-AA38-01A-11	1390176000.0	false	11	released	30.0
TCGA-CHOL	48d17b17-348c-405a-ae92-f190372a3aac	TCGA-W5-AA38	3142e952-b78a-4e63-8537-de8771d78006	TCGA-W5-AA38-01A	7ae2f11d-cc0d-4d0e-9eb2-bdb1783bf132	TCGA-W5-AA38-01A-21	'--	'--	'--	released	'--
TCGA-CHOL	48d17b17-348c-405a-ae92-f190372a3aac	TCGA-W5-AA38	3142e952-b78a-4e63-8537-de8771d78006	TCGA-W5-AA38-01A	851aba0d-40a6-4d93-89b7-0d46180b1fe0	TCGA-W5-AA38-01A-21-A45N-20	1406678400.0	false	21	released	'--
TCGA-CHOL	48d17b17-348c-405a-ae92-f190372a3aac	TCGA-W5-AA38	5dc3e416-92e5-4d2e-94d4-fa2eee582f68	TCGA-W5-AA38-10A	35aaeb9a-03c4-4081-aa1e-494d5721f699	TCGA-W5-AA38-10A-01	1389571200.0	false	01	released	'--
TCGA-CHOL	48d17b17-348c-405a-ae92-f190372a3aac	TCGA-W5-AA38	6915911b-9e68-4bdf-a471-e9652c5f8d0f	TCGA-W5-AA38-01Z	5f35ea9d-697f-5f50-aebf-eb92d8e923f3	'--	'--	'--	'--	'--	'--
TCGA-CHOL	37d60df9-2fa5-433b-9e54-dccb5ed5a638	TCGA-ZH-A8Y7	8d698468-fedd-40c1-aa8b-e44a26958c20	TCGA-ZH-A8Y7-10A	b42c7075-9d8e-4edb-81fb-338f9327cbc5	TCGA-ZH-A8Y7-10A-01	1386892800.0	false	01	released	'--
TCGA-CHOL	37d60df9-2fa5-433b-9e54-dccb5ed5a638	TCGA-ZH-A8Y7	d72ca8ae-ed15-43f1-a81d-26a05d70fe9d	TCGA-ZH-A8Y7-01A	1061ff2e-0eca-4de5-8d6d-e1a9b123b75f	TCGA-ZH-A8Y7-01A-31-A617-42	1499817600.0	false	31	released	20.0
TCGA-CHOL	37d60df9-2fa5-433b-9e54-dccb5ed5a638	TCGA-ZH-A8Y7	d72ca8ae-ed15-43f1-a81d-26a05d70fe9d	TCGA-ZH-A8Y7-01A	918851f7-2a3a-4a6d-a0af-5ec92faa9d27	TCGA-ZH-A8Y7-01A-21	1393286400.0	false	21	released	30.0
TCGA-CHOL	37d60df9-2fa5-433b-9e54-dccb5ed5a638	TCGA-ZH-A8Y7	e6d75293-61ee-441b-bade-5b90e784bb9c	TCGA-ZH-A8Y7-01Z	79b576e7-6448-5335-a4e8-b233ea8975db	'--	'--	'--	'--	'--	'--
TCGA-CHOL	d64d8a1b-b31f-4cbb-a586-5ec7f058f0de	TCGA-W7-A93N	2481fc31-66ca-423f-a251-5e8aaca02e4d	TCGA-W7-A93N-11A	0a67a228-26ab-4521-b6aa-d93d4157f135	TCGA-W7-A93N-11A-11	1388361600.0	false	11	released	30.0
TCGA-CHOL	d64d8a1b-b31f-4cbb-a586-5ec7f058f0de	TCGA-W7-A93N	97e60862-9e1f-414c-bb27-f3bd3bb7eb6c	TCGA-W7-A93N-01A	1d0f71de-1c7f-4582-ace4-42cfa7e223e3	TCGA-W7-A93N-01A-22	1540857600.0	false	22	released	30.0
TCGA-CHOL	d64d8a1b-b31f-4cbb-a586-5ec7f058f0de	TCGA-W7-A93N	97e60862-9e1f-414c-bb27-f3bd3bb7eb6c	TCGA-W7-A93N-01A	500901b3-0753-4499-9a97-91cef27c355e	TCGA-W7-A93N-01A-21-A617-42	1499817600.0	false	21	released	20.0
TCGA-CHOL	d64d8a1b-b31f-4cbb-a586-5ec7f058f0de	TCGA-W7-A93N	97e60862-9e1f-414c-bb27-f3bd3bb7eb6c	TCGA-W7-A93N-01A	d74ef6fe-c93a-4b4e-bc65-7c6a186b34e9	TCGA-W7-A93N-01A-11	1388361600.0	false	11	released	30.0
